"table","variable","code","label","note","type"
"collision","collision_index",,,"unique value for each collision. The collision_index combines the collision_year and collision_ref_no to form a unique ID. It can be used to join to Vehicle and Casualty","character"
"collision","collision_year",,,,"numeric"
"collision","collision_ref_no",,,"In year id used by the police to reference a collision. It is not unique outside of the year, use collision_index for linking to other years","character"
"collision","location_easting_osgr",,,"Null if not known","numeric"
"collision","location_northing_osgr",,,"Null if not known","numeric"
"collision","longitude",,,"Null if not known","numeric"
"collision","latitude",,,"Null if not known","numeric"
"collision","police_force","1","Metropolitan Police",,"character"
"collision","police_force","3","Cumbria",,"character"
"collision","police_force","4","Lancashire",,"character"
"collision","police_force","5","Merseyside",,"character"
"collision","police_force","6","Greater Manchester",,"character"
"collision","police_force","7","Cheshire",,"character"
"collision","police_force","10","Northumbria",,"character"
"collision","police_force","11","Durham",,"character"
"collision","police_force","12","North Yorkshire",,"character"
"collision","police_force","13","West Yorkshire",,"character"
"collision","police_force","14","South Yorkshire",,"character"
"collision","police_force","16","Humberside",,"character"
"collision","police_force","17","Cleveland",,"character"
"collision","police_force","20","West Midlands",,"character"
"collision","police_force","21","Staffordshire",,"character"
"collision","police_force","22","West Mercia",,"character"
"collision","police_force","23","Warwickshire",,"character"
"collision","police_force","30","Derbyshire",,"character"
"collision","police_force","31","Nottinghamshire",,"character"
"collision","police_force","32","Lincolnshire",,"character"
"collision","police_force","33","Leicestershire",,"character"
"collision","police_force","34","Northamptonshire",,"character"
"collision","police_force","35","Cambridgeshire",,"character"
"collision","police_force","36","Norfolk",,"character"
"collision","police_force","37","Suffolk",,"character"
"collision","police_force","40","Bedfordshire",,"character"
"collision","police_force","41","Hertfordshire",,"character"
"collision","police_force","42","Essex",,"character"
"collision","police_force","43","Thames Valley",,"character"
"collision","police_force","44","Hampshire",,"character"
"collision","police_force","45","Surrey",,"character"
"collision","police_force","46","Kent",,"character"
"collision","police_force","47","Sussex",,"character"
"collision","police_force","48","City of London",,"character"
"collision","police_force","50","Devon and Cornwall",,"character"
"collision","police_force","52","Avon and Somerset",,"character"
"collision","police_force","53","Gloucestershire",,"character"
"collision","police_force","54","Wiltshire",,"character"
"collision","police_force","55","Dorset",,"character"
"collision","police_force","60","North Wales",,"character"
"collision","police_force","61","Gwent",,"character"
"collision","police_force","62","South Wales",,"character"
"collision","police_force","63","Dyfed-Powys",,"character"
"collision","police_force","91","Northern","category discontinued in 2019","character"
"collision","police_force","92","Grampian","category discontinued in 2019","character"
"collision","police_force","93","Tayside","category discontinued in 2019","character"
"collision","police_force","94","Fife","category discontinued in 2019","character"
"collision","police_force","95","Lothian and Borders","category discontinued in 2019","character"
"collision","police_force","96","Central","category discontinued in 2019","character"
"collision","police_force","97","Strathclyde","category discontinued in 2019","character"
"collision","police_force","98","Dumfries and Galloway","category discontinued in 2019","character"
"collision","police_force","99","Police Scotland","category introduced in 2019","character"
"collision","collision_severity","1","Fatal",,"character"
"collision","collision_severity","2","Serious",,"character"
"collision","collision_severity","3","Slight",,"character"
"collision","enhanced_collision_severity","1","Fatal","category introduced where collected in 2023","character"
"collision","enhanced_collision_severity","5","Very Serious","category introduced where collected in 2023","character"
"collision","enhanced_collision_severity","6","Moderately Serious","category introduced where collected in 2023","character"
"collision","enhanced_collision_severity","7","Less Serious","category introduced where collected in 2023","character"
"collision","enhanced_collision_severity","3","Slight","category introduced where collected in 2023","character"
"collision","enhanced_collision_severity","-1","Data missing or out of range","category introduced where collected in 2023","character"
"collision","number_of_vehicles",,,,"character"
"collision","number_of_casualties",,,,"character"
"collision","date","(DD/MM/YYYY)",,,"character"
"collision","day_of_week","1","Sunday",,"character"
"collision","day_of_week","2","Monday",,"character"
"collision","day_of_week","3","Tuesday",,"character"
"collision","day_of_week","4","Wednesday",,"character"
"collision","day_of_week","5","Thursday",,"character"
"collision","day_of_week","6","Friday",,"character"
"collision","day_of_week","7","Saturday",,"character"
"collision","time","(HH:MM)",,"Null if not known","character"
"collision","local_authority_district","1","Westminster",,"character"
"collision","local_authority_district","2","Camden",,"character"
"collision","local_authority_district","3","Islington",,"character"
"collision","local_authority_district","4","Hackney",,"character"
"collision","local_authority_district","5","Tower Hamlets",,"character"
"collision","local_authority_district","6","Greenwich",,"character"
"collision","local_authority_district","7","Lewisham",,"character"
"collision","local_authority_district","8","Southwark",,"character"
"collision","local_authority_district","9","Lambeth",,"character"
"collision","local_authority_district","10","Wandsworth",,"character"
"collision","local_authority_district","11","Hammersmith and Fulham",,"character"
"collision","local_authority_district","12","Kensington and Chelsea",,"character"
"collision","local_authority_district","13","Waltham Forest",,"character"
"collision","local_authority_district","14","Redbridge",,"character"
"collision","local_authority_district","15","Havering",,"character"
"collision","local_authority_district","16","Barking and Dagenham",,"character"
"collision","local_authority_district","17","Newham",,"character"
"collision","local_authority_district","18","Bexley",,"character"
"collision","local_authority_district","19","Bromley",,"character"
"collision","local_authority_district","20","Croydon",,"character"
"collision","local_authority_district","21","Sutton",,"character"
"collision","local_authority_district","22","Merton",,"character"
"collision","local_authority_district","23","Kingston upon Thames",,"character"
"collision","local_authority_district","24","Richmond upon Thames",,"character"
"collision","local_authority_district","25","Hounslow",,"character"
"collision","local_authority_district","26","Hillingdon",,"character"
"collision","local_authority_district","27","Ealing",,"character"
"collision","local_authority_district","28","Brent",,"character"
"collision","local_authority_district","29","Harrow",,"character"
"collision","local_authority_district","30","Barnet",,"character"
"collision","local_authority_district","31","Haringey",,"character"
"collision","local_authority_district","32","Enfield",,"character"
"collision","local_authority_district","33","Hertsmere",,"character"
"collision","local_authority_district","38","Epsom and Ewell",,"character"
"collision","local_authority_district","40","Spelthorne",,"character"
"collision","local_authority_district","57","London Airport (Heathrow)",,"character"
"collision","local_authority_district","60","Allerdale",,"character"
"collision","local_authority_district","61","Barrow-in-Furness",,"character"
"collision","local_authority_district","62","Carlisle",,"character"
"collision","local_authority_district","63","Copeland",,"character"
"collision","local_authority_district","64","Eden",,"character"
"collision","local_authority_district","65","South Lakeland",,"character"
"collision","local_authority_district","70","Blackburn with Darwen",,"character"
"collision","local_authority_district","71","Blackpool",,"character"
"collision","local_authority_district","72","Burnley",,"character"
"collision","local_authority_district","73","Chorley",,"character"
"collision","local_authority_district","74","Fylde",,"character"
"collision","local_authority_district","75","Hyndburn",,"character"
"collision","local_authority_district","76","Lancaster",,"character"
"collision","local_authority_district","77","Pendle",,"character"
"collision","local_authority_district","79","Preston",,"character"
"collision","local_authority_district","80","Ribble Valley",,"character"
"collision","local_authority_district","82","Rossendale",,"character"
"collision","local_authority_district","83","South Ribble",,"character"
"collision","local_authority_district","84","West Lancashire",,"character"
"collision","local_authority_district","85","Wyre",,"character"
"collision","local_authority_district","90","Knowsley",,"character"
"collision","local_authority_district","91","Liverpool",,"character"
"collision","local_authority_district","92","St. Helens",,"character"
"collision","local_authority_district","93","Sefton",,"character"
"collision","local_authority_district","95","Wirral",,"character"
"collision","local_authority_district","100","Bolton",,"character"
"collision","local_authority_district","101","Bury",,"character"
"collision","local_authority_district","102","Manchester",,"character"
"collision","local_authority_district","104","Oldham",,"character"
"collision","local_authority_district","106","Rochdale",,"character"
"collision","local_authority_district","107","Salford",,"character"
"collision","local_authority_district","109","Stockport",,"character"
"collision","local_authority_district","110","Tameside",,"character"
"collision","local_authority_district","112","Trafford",,"character"
"collision","local_authority_district","114","Wigan",,"character"
"collision","local_authority_district","120","Chester",,"character"
"collision","local_authority_district","121","Congleton",,"character"
"collision","local_authority_district","122","Crewe and Nantwich",,"character"
"collision","local_authority_district","123","Ellesmere Port and Neston",,"character"
"collision","local_authority_district","124","Halton",,"character"
"collision","local_authority_district","126","Macclesfield",,"character"
"collision","local_authority_district","127","Vale Royal",,"character"
"collision","local_authority_district","128","Warrington",,"character"
"collision","local_authority_district","129","Cheshire East",,"character"
"collision","local_authority_district","130","Cheshire West and Chester",,"character"
"collision","local_authority_district","139","Northumberland",,"character"
"collision","local_authority_district","140","Alnwick",,"character"
"collision","local_authority_district","141","Berwick-upon-Tweed",,"character"
"collision","local_authority_district","142","Blyth Valley",,"character"
"collision","local_authority_district","143","Castle Morpeth",,"character"
"collision","local_authority_district","143","Castle Morpeth",,"character"
"collision","local_authority_district","144","Tynedale",,"character"
"collision","local_authority_district","145","Wansbeck",,"character"
"collision","local_authority_district","146","Gateshead",,"character"
"collision","local_authority_district","147","Newcastle upon Tyne",,"character"
"collision","local_authority_district","148","North Tyneside",,"character"
"collision","local_authority_district","149","South Tyneside",,"character"
"collision","local_authority_district","150","Sunderland",,"character"
"collision","local_authority_district","160","Chester-le-Street",,"character"
"collision","local_authority_district","161","Darlington",,"character"
"collision","local_authority_district","162","Derwentside",,"character"
"collision","local_authority_district","163","Durham",,"character"
"collision","local_authority_district","164","Easington",,"character"
"collision","local_authority_district","165","Sedgefield",,"character"
"collision","local_authority_district","166","Teesdale",,"character"
"collision","local_authority_district","168","Wear Valley",,"character"
"collision","local_authority_district","169","County Durham",,"character"
"collision","local_authority_district","180","Craven",,"character"
"collision","local_authority_district","181","Hambleton",,"character"
"collision","local_authority_district","182","Harrogate",,"character"
"collision","local_authority_district","184","Richmondshire",,"character"
"collision","local_authority_district","185","Ryedale",,"character"
"collision","local_authority_district","186","Scarborough",,"character"
"collision","local_authority_district","187","Selby",,"character"
"collision","local_authority_district","189","York",,"character"
"collision","local_authority_district","200","Bradford",,"character"
"collision","local_authority_district","202","Calderdale",,"character"
"collision","local_authority_district","203","Kirklees",,"character"
"collision","local_authority_district","204","Leeds",,"character"
"collision","local_authority_district","206","Wakefield",,"character"
"collision","local_authority_district","210","Barnsley",,"character"
"collision","local_authority_district","211","Doncaster",,"character"
"collision","local_authority_district","213","Rotherham",,"character"
"collision","local_authority_district","215","Sheffield",,"character"
"collision","local_authority_district","220","Beverley",,"character"
"collision","local_authority_district","221","Boothferry",,"character"
"collision","local_authority_district","224","Cleethorpes",,"character"
"collision","local_authority_district","225","Glanford",,"character"
"collision","local_authority_district","226","Grimsby",,"character"
"collision","local_authority_district","227","Holderness",,"character"
"collision","local_authority_district","228","Kingston upon Hull, City of",,"character"
"collision","local_authority_district","229","East Yorkshire",,"character"
"collision","local_authority_district","230","Scunthorpe",,"character"
"collision","local_authority_district","231","East Riding of Yorkshire",,"character"
"collision","local_authority_district","232","North Lincolnshire",,"character"
"collision","local_authority_district","233","North East Lincolnshire",,"character"
"collision","local_authority_district","240","Hartlepool",,"character"
"collision","local_authority_district","241","Redcar and Cleveland",,"character"
"collision","local_authority_district","243","Middlesbrough",,"character"
"collision","local_authority_district","245","Stockton-on-Tees",,"character"
"collision","local_authority_district","250","Cannock Chase",,"character"
"collision","local_authority_district","251","East Staffordshire",,"character"
"collision","local_authority_district","252","Lichfield",,"character"
"collision","local_authority_district","253","Newcastle-under-Lyme",,"character"
"collision","local_authority_district","254","South Staffordshire",,"character"
"collision","local_authority_district","255","Stafford",,"character"
"collision","local_authority_district","256","Staffordshire Moorlands",,"character"
"collision","local_authority_district","257","Stoke-on-Trent",,"character"
"collision","local_authority_district","258","Tamworth",,"character"
"collision","local_authority_district","270","Bromsgrove",,"character"
"collision","local_authority_district","271","Hereford",,"character"
"collision","local_authority_district","272","Leominster",,"character"
"collision","local_authority_district","273","Malvern Hills",,"character"
"collision","local_authority_district","274","Redditch",,"character"
"collision","local_authority_district","275","South Herefordshire",,"character"
"collision","local_authority_district","276","Worcester",,"character"
"collision","local_authority_district","277","Wychavon",,"character"
"collision","local_authority_district","278","Wyre Forest",,"character"
"collision","local_authority_district","279","Bridgnorth",,"character"
"collision","local_authority_district","280","North Shropshire",,"character"
"collision","local_authority_district","281","Oswestry",,"character"
"collision","local_authority_district","282","Shrewsbury and Atcham",,"character"
"collision","local_authority_district","283","South Shropshire",,"character"
"collision","local_authority_district","284","Telford and Wrekin",,"character"
"collision","local_authority_district","285","Herefordshire, County of ",,"character"
"collision","local_authority_district","286","Shropshire",,"character"
"collision","local_authority_district","290","North Warwickshire",,"character"
"collision","local_authority_district","291","Nuneaton and Bedworth",,"character"
"collision","local_authority_district","292","Rugby ",,"character"
"collision","local_authority_district","293","Stratford-upon-Avon",,"character"
"collision","local_authority_district","294","Warwick",,"character"
"collision","local_authority_district","300","Birmingham",,"character"
"collision","local_authority_district","302","Coventry",,"character"
"collision","local_authority_district","303","Dudley",,"character"
"collision","local_authority_district","305","Sandwell",,"character"
"collision","local_authority_district","306","Solihull",,"character"
"collision","local_authority_district","307","Walsall",,"character"
"collision","local_authority_district","309","Wolverhampton",,"character"
"collision","local_authority_district","320","Amber Valley",,"character"
"collision","local_authority_district","321","Bolsover",,"character"
"collision","local_authority_district","322","Chesterfield",,"character"
"collision","local_authority_district","323","Derby",,"character"
"collision","local_authority_district","324","Erewash",,"character"
"collision","local_authority_district","325","High Peak",,"character"
"collision","local_authority_district","327","North East Derbyshire",,"character"
"collision","local_authority_district","328","South Derbyshire",,"character"
"collision","local_authority_district","329","Derbyshire Dales",,"character"
"collision","local_authority_district","340","Ashfield",,"character"
"collision","local_authority_district","341","Bassetlaw",,"character"
"collision","local_authority_district","342","Broxtowe",,"character"
"collision","local_authority_district","343","Gedling",,"character"
"collision","local_authority_district","344","Mansfield",,"character"
"collision","local_authority_district","345","Newark and Sherwood",,"character"
"collision","local_authority_district","346","Nottingham",,"character"
"collision","local_authority_district","347","Rushcliffe",,"character"
"collision","local_authority_district","350","Boston",,"character"
"collision","local_authority_district","351","East Lindsey",,"character"
"collision","local_authority_district","352","Lincoln",,"character"
"collision","local_authority_district","353","North Kesteven",,"character"
"collision","local_authority_district","354","South Holland",,"character"
"collision","local_authority_district","355","South Kesteven",,"character"
"collision","local_authority_district","356","West Lindsey",,"character"
"collision","local_authority_district","360","Blaby",,"character"
"collision","local_authority_district","361","Hinckley and Bosworth",,"character"
"collision","local_authority_district","362","Charnwood",,"character"
"collision","local_authority_district","363","Harborough",,"character"
"collision","local_authority_district","364","Leicester",,"character"
"collision","local_authority_district","365","Melton",,"character"
"collision","local_authority_district","366","North West Leicestershire",,"character"
"collision","local_authority_district","367","Oadby and Wigston",,"character"
"collision","local_authority_district","368","Rutland",,"character"
"collision","local_authority_district","380","Corby",,"character"
"collision","local_authority_district","381","Daventry",,"character"
"collision","local_authority_district","382","East Northamptonshire",,"character"
"collision","local_authority_district","383","Kettering",,"character"
"collision","local_authority_district","384","Northampton",,"character"
"collision","local_authority_district","385","South Northamptonshire",,"character"
"collision","local_authority_district","386","Wellingborough",,"character"
"collision","local_authority_district","390","Cambridge",,"character"
"collision","local_authority_district","391","East Cambridgeshire",,"character"
"collision","local_authority_district","392","Fenland",,"character"
"collision","local_authority_district","393","Huntingdonshire",,"character"
"collision","local_authority_district","394","Peterborough",,"character"
"collision","local_authority_district","395","South Cambridgeshire",,"character"
"collision","local_authority_district","400","Breckland",,"character"
"collision","local_authority_district","401","Broadland",,"character"
"collision","local_authority_district","402","Great Yarmouth",,"character"
"collision","local_authority_district","404","Norwich",,"character"
"collision","local_authority_district","405","North Norfolk",,"character"
"collision","local_authority_district","406","South Norfolk",,"character"
"collision","local_authority_district","407","King's Lynn and West Norfolk",,"character"
"collision","local_authority_district","410","Babergh",,"character"
"collision","local_authority_district","411","Forest Heath",,"character"
"collision","local_authority_district","412","Ipswich",,"character"
"collision","local_authority_district","413","Mid Suffolk",,"character"
"collision","local_authority_district","414","St. Edmundsbury",,"character"
"collision","local_authority_district","415","Suffolk Coastal",,"character"
"collision","local_authority_district","416","Waveney",,"character"
"collision","local_authority_district","420","Bedford",,"character"
"collision","local_authority_district","421","Luton",,"character"
"collision","local_authority_district","422","Mid Bedfordshire",,"character"
"collision","local_authority_district","423","South Bedfordshire",,"character"
"collision","local_authority_district","424","Central Bedfordshire",,"character"
"collision","local_authority_district","430","Broxbourne",,"character"
"collision","local_authority_district","431","Dacorum",,"character"
"collision","local_authority_district","432","East Hertfordshire",,"character"
"collision","local_authority_district","433","North Hertfordshire",,"character"
"collision","local_authority_district","434","St. Albans",,"character"
"collision","local_authority_district","435","Stevenage",,"character"
"collision","local_authority_district","436","Three Rivers",,"character"
"collision","local_authority_district","437","Watford",,"character"
"collision","local_authority_district","438","Welwyn Hatfield",,"character"
"collision","local_authority_district","450","Basildon",,"character"
"collision","local_authority_district","451","Braintree",,"character"
"collision","local_authority_district","452","Brentwood",,"character"
"collision","local_authority_district","453","Castle Point",,"character"
"collision","local_authority_district","454","Chelmsford",,"character"
"collision","local_authority_district","455","Colchester",,"character"
"collision","local_authority_district","456","Epping Forest",,"character"
"collision","local_authority_district","457","Harlow",,"character"
"collision","local_authority_district","458","Maldon",,"character"
"collision","local_authority_district","459","Rochford",,"character"
"collision","local_authority_district","460","Southend-on-Sea",,"character"
"collision","local_authority_district","461","Tendring",,"character"
"collision","local_authority_district","462","Thurrock",,"character"
"collision","local_authority_district","463","Uttlesford",,"character"
"collision","local_authority_district","470","Bracknell Forest",,"character"
"collision","local_authority_district","471","West Berkshire",,"character"
"collision","local_authority_district","472","Reading",,"character"
"collision","local_authority_district","473","Slough",,"character"
"collision","local_authority_district","474","Windsor and Maidenhead",,"character"
"collision","local_authority_district","475","Wokingham",,"character"
"collision","local_authority_district","476","Aylesbury Vale",,"character"
"collision","local_authority_district","477","South Bucks",,"character"
"collision","local_authority_district","478","Chiltern",,"character"
"collision","local_authority_district","479","Milton Keynes",,"character"
"collision","local_authority_district","480","Wycombe",,"character"
"collision","local_authority_district","481","Cherwell",,"character"
"collision","local_authority_district","482","Oxford",,"character"
"collision","local_authority_district","483","Vale of White Horse",,"character"
"collision","local_authority_district","484","South Oxfordshire",,"character"
"collision","local_authority_district","485","West Oxfordshire",,"character"
"collision","local_authority_district","490","Basingstoke and Deane",,"character"
"collision","local_authority_district","491","Eastleigh",,"character"
"collision","local_authority_district","492","Fareham",,"character"
"collision","local_authority_district","493","Gosport",,"character"
"collision","local_authority_district","494","Hart",,"character"
"collision","local_authority_district","495","Havant",,"character"
"collision","local_authority_district","496","New Forest",,"character"
"collision","local_authority_district","497","East Hampshire",,"character"
"collision","local_authority_district","498","Portsmouth",,"character"
"collision","local_authority_district","499","Rushmoor",,"character"
"collision","local_authority_district","500","Southampton ",,"character"
"collision","local_authority_district","501","Test Valley",,"character"
"collision","local_authority_district","502","Winchester",,"character"
"collision","local_authority_district","503","Medina",,"character"
"collision","local_authority_district","504","South Wight",,"character"
"collision","local_authority_district","505","Isle of Wight",,"character"
"collision","local_authority_district","510","Elmbridge",,"character"
"collision","local_authority_district","511","Guildford",,"character"
"collision","local_authority_district","512","Mole Valley",,"character"
"collision","local_authority_district","513","Reigate and Banstead",,"character"
"collision","local_authority_district","514","Runnymede",,"character"
"collision","local_authority_district","515","Surrey Heath",,"character"
"collision","local_authority_district","516","Tandridge",,"character"
"collision","local_authority_district","517","Waverley",,"character"
"collision","local_authority_district","518","Woking",,"character"
"collision","local_authority_district","530","Ashford",,"character"
"collision","local_authority_district","531","Canterbury",,"character"
"collision","local_authority_district","532","Dartford",,"character"
"collision","local_authority_district","533","Dover",,"character"
"collision","local_authority_district","534","Gillingham",,"character"
"collision","local_authority_district","535","Gravesham",,"character"
"collision","local_authority_district","536","Maidstone",,"character"
"collision","local_authority_district","537","Rochester",,"character"
"collision","local_authority_district","538","Sevenoaks",,"character"
"collision","local_authority_district","539","Shepway",,"character"
"collision","local_authority_district","540","Swale",,"character"
"collision","local_authority_district","541","Thanet",,"character"
"collision","local_authority_district","542","Tonbridge and Malling",,"character"
"collision","local_authority_district","543","Tunbridge Wells",,"character"
"collision","local_authority_district","544","Medway",,"character"
"collision","local_authority_district","550","Brighton",,"character"
"collision","local_authority_district","551","Eastbourne",,"character"
"collision","local_authority_district","552","Hastings",,"character"
"collision","local_authority_district","553","Hove",,"character"
"collision","local_authority_district","554","Lewes",,"character"
"collision","local_authority_district","555","Rother",,"character"
"collision","local_authority_district","556","Wealden",,"character"
"collision","local_authority_district","557","Adur",,"character"
"collision","local_authority_district","558","Arun",,"character"
"collision","local_authority_district","559","Chichester",,"character"
"collision","local_authority_district","560","Crawley",,"character"
"collision","local_authority_district","562","Horsham",,"character"
"collision","local_authority_district","563","Mid Sussex",,"character"
"collision","local_authority_district","564","Worthing",,"character"
"collision","local_authority_district","565","Brighton and Hove",,"character"
"collision","local_authority_district","570","City of London",,"character"
"collision","local_authority_district","580","East Devon",,"character"
"collision","local_authority_district","581","Exeter",,"character"
"collision","local_authority_district","582","North Devon",,"character"
"collision","local_authority_district","583","Plymouth",,"character"
"collision","local_authority_district","584","South Hams",,"character"
"collision","local_authority_district","585","Teignbridge",,"character"
"collision","local_authority_district","586","Mid Devon",,"character"
"collision","local_authority_district","587","Torbay",,"character"
"collision","local_authority_district","588","Torridge",,"character"
"collision","local_authority_district","589","West Devon",,"character"
"collision","local_authority_district","590","Caradon",,"character"
"collision","local_authority_district","591","Carrick",,"character"
"collision","local_authority_district","592","Kerrier",,"character"
"collision","local_authority_district","593","North Cornwall",,"character"
"collision","local_authority_district","594","Penwith",,"character"
"collision","local_authority_district","595","Restormel",,"character"
"collision","local_authority_district","596","Cornwall",,"character"
"collision","local_authority_district","599","Isles of Scilly",,"character"
"collision","local_authority_district","600","Bath",,"character"
"collision","local_authority_district","601","Bristol, City of",,"character"
"collision","local_authority_district","602","Kingswood",,"character"
"collision","local_authority_district","603","Northavon",,"character"
"collision","local_authority_district","604","Wansdyke",,"character"
"collision","local_authority_district","605","North Somerset",,"character"
"collision","local_authority_district","606","Mendip",,"character"
"collision","local_authority_district","607","Sedgemoor",,"character"
"collision","local_authority_district","608","Taunton Deane",,"character"
"collision","local_authority_district","609","West Somerset",,"character"
"collision","local_authority_district","610","South Somerset",,"character"
"collision","local_authority_district","611","Bath and North East Somerset",,"character"
"collision","local_authority_district","612","South Gloucestershire",,"character"
"collision","local_authority_district","620","Cheltenham",,"character"
"collision","local_authority_district","621","Cotswold",,"character"
"collision","local_authority_district","622","Forest of Dean",,"character"
"collision","local_authority_district","623","Gloucester",,"character"
"collision","local_authority_district","624","Stroud",,"character"
"collision","local_authority_district","625","Tewkesbury",,"character"
"collision","local_authority_district","630","Kennet",,"character"
"collision","local_authority_district","631","North Wiltshire",,"character"
"collision","local_authority_district","632","Salisbury",,"character"
"collision","local_authority_district","633","Swindon",,"character"
"collision","local_authority_district","634","West Wiltshire",,"character"
"collision","local_authority_district","635","Wiltshire",,"character"
"collision","local_authority_district","640","Bournemouth",,"character"
"collision","local_authority_district","641","Christchurch",,"character"
"collision","local_authority_district","642","North Dorset",,"character"
"collision","local_authority_district","643","Poole",,"character"
"collision","local_authority_district","644","Purbeck",,"character"
"collision","local_authority_district","645","West Dorset",,"character"
"collision","local_authority_district","646","Weymouth and Portland",,"character"
"collision","local_authority_district","647","East Dorset",,"character"
"collision","local_authority_district","660","Aberconwy",,"character"
"collision","local_authority_district","661","Arfon",,"character"
"collision","local_authority_district","662","Dwyfor",,"character"
"collision","local_authority_district","663","Meirionnydd",,"character"
"collision","local_authority_district","664","Ynys Mon - Isle of Anglesey ",,"character"
"collision","local_authority_district","665","Alyn-Deeside",,"character"
"collision","local_authority_district","666","Colwyn",,"character"
"collision","local_authority_district","667","Delwyn",,"character"
"collision","local_authority_district","668","Glyndwr",,"character"
"collision","local_authority_district","669","Rhuddlan",,"character"
"collision","local_authority_district","670","Wrexham Maelor",,"character"
"collision","local_authority_district","680","Blaenau Gwent",,"character"
"collision","local_authority_district","682","Islwyn",,"character"
"collision","local_authority_district","683","Monmouth",,"character"
"collision","local_authority_district","684","Newport",,"character"
"collision","local_authority_district","685","Torfaen",,"character"
"collision","local_authority_district","690","Cynon Valley",,"character"
"collision","local_authority_district","692","Merthyr Tydfil",,"character"
"collision","local_authority_district","694","Ogwr",,"character"
"collision","local_authority_district","695","Rhondda",,"character"
"collision","local_authority_district","696","Rhymney Valley",,"character"
"collision","local_authority_district","698","Taff-Ely",,"character"
"collision","local_authority_district","699","Cardiff",,"character"
"collision","local_authority_district","701","Vale of Glamorgan",,"character"
"collision","local_authority_district","702","Afan",,"character"
"collision","local_authority_district","703","Lliw Valley",,"character"
"collision","local_authority_district","704","Neath",,"character"
"collision","local_authority_district","705","Swansea ",,"character"
"collision","local_authority_district","710","Carmarthen",,"character"
"collision","local_authority_district","711","Ceredigion",,"character"
"collision","local_authority_district","712","Dinefwr",,"character"
"collision","local_authority_district","713","Llanelli",,"character"
"collision","local_authority_district","714","Preseli",,"character"
"collision","local_authority_district","715","South Pembrokeshire",,"character"
"collision","local_authority_district","716","Brecknock",,"character"
"collision","local_authority_district","717","Montgomery",,"character"
"collision","local_authority_district","718","Radnor",,"character"
"collision","local_authority_district","720","Isle of Anglesey",,"character"
"collision","local_authority_district","721","Conwy",,"character"
"collision","local_authority_district","722","Gwynedd",,"character"
"collision","local_authority_district","723","Denbighshire",,"character"
"collision","local_authority_district","724","Flintshire",,"character"
"collision","local_authority_district","725","Wrexham",,"character"
"collision","local_authority_district","730","Blaenau Gwent",,"character"
"collision","local_authority_district","731","Caerphilly",,"character"
"collision","local_authority_district","732","Monmouthshire",,"character"
"collision","local_authority_district","733","Newport",,"character"
"collision","local_authority_district","734","Torfaen",,"character"
"collision","local_authority_district","740","Bridgend",,"character"
"collision","local_authority_district","741","Cardiff",,"character"
"collision","local_authority_district","742","Merthyr Tydfil",,"character"
"collision","local_authority_district","743","Neath Port Talbot",,"character"
"collision","local_authority_district","744","Rhondda, Cynon, Taff",,"character"
"collision","local_authority_district","745","Swansea",,"character"
"collision","local_authority_district","746","The Vale of Glamorgan",,"character"
"collision","local_authority_district","750","Ceredigion",,"character"
"collision","local_authority_district","751","Carmarthenshire",,"character"
"collision","local_authority_district","752","Pembrokeshire",,"character"
"collision","local_authority_district","753","Powys",,"character"
"collision","local_authority_district","801","Orkney",,"character"
"collision","local_authority_district","802","Shetland",,"character"
"collision","local_authority_district","803","Western Isles",,"character"
"collision","local_authority_district","804","Caithness",,"character"
"collision","local_authority_district","805","Sutherland",,"character"
"collision","local_authority_district","806","Ross and Cromarty",,"character"
"collision","local_authority_district","807","Skye and Lochalsh",,"character"
"collision","local_authority_district","808","Lochaber",,"character"
"collision","local_authority_district","809","Inverness",,"character"
"collision","local_authority_district","810","Badenoch and Strathspey",,"character"
"collision","local_authority_district","811","Nairn",,"character"
"collision","local_authority_district","812","Aberdeen (City of)",,"character"
"collision","local_authority_district","813","Moray",,"character"
"collision","local_authority_district","814","Banff and Buchan",,"character"
"collision","local_authority_district","815","Gordon",,"character"
"collision","local_authority_district","816","Kincardine and Deeside",,"character"
"collision","local_authority_district","817","Dundee (City of)",,"character"
"collision","local_authority_district","818","Angus",,"character"
"collision","local_authority_district","819","Perth and Kinross",,"character"
"collision","local_authority_district","821","Kirkcaldy",,"character"
"collision","local_authority_district","822","North East Fife",,"character"
"collision","local_authority_district","823","Dunfermline ",,"character"
"collision","local_authority_district","824","Edinburgh (City of)",,"character"
"collision","local_authority_district","825","West Lothian",,"character"
"collision","local_authority_district","826","Midlothian",,"character"
"collision","local_authority_district","827","East Lothian",,"character"
"collision","local_authority_district","828","Tweeddale",,"character"
"collision","local_authority_district","829","Ettrick and Lauderdale",,"character"
"collision","local_authority_district","830","Roxburgh",,"character"
"collision","local_authority_district","831","Berwickshire",,"character"
"collision","local_authority_district","833","Clackmannan",,"character"
"collision","local_authority_district","834","Stirling",,"character"
"collision","local_authority_district","835","Falkirk",,"character"
"collision","local_authority_district","836","Glasgow (City of)",,"character"
"collision","local_authority_district","837","Argyll and Bute",,"character"
"collision","local_authority_district","838","Dumbarton",,"character"
"collision","local_authority_district","839","Clydebank",,"character"
"collision","local_authority_district","840","Bearsden and Milngavie",,"character"
"collision","local_authority_district","841","Strathkelvin",,"character"
"collision","local_authority_district","842","Cumbernauld and Kilsyth",,"character"
"collision","local_authority_district","843","Monklands",,"character"
"collision","local_authority_district","844","Motherwell",,"character"
"collision","local_authority_district","845","Hamilton",,"character"
"collision","local_authority_district","846","East Kilbride",,"character"
"collision","local_authority_district","847","Eastwood",,"character"
"collision","local_authority_district","848","Lanark",,"character"
"collision","local_authority_district","849","Renfrew",,"character"
"collision","local_authority_district","850","Inverclyde",,"character"
"collision","local_authority_district","851","Cunninghame",,"character"
"collision","local_authority_district","852","Kilmarnock and Loudoun",,"character"
"collision","local_authority_district","853","Kyle and Carrick",,"character"
"collision","local_authority_district","854","Cumnock and Doon Valley",,"character"
"collision","local_authority_district","856","Wigtown",,"character"
"collision","local_authority_district","857","Stewartry",,"character"
"collision","local_authority_district","858","Nithsdale",,"character"
"collision","local_authority_district","859","Annandale and Eskdale",,"character"
"collision","local_authority_district","910","Aberdeen City",,"character"
"collision","local_authority_district","911","Aberdeenshire",,"character"
"collision","local_authority_district","912","Angus",,"character"
"collision","local_authority_district","913","Argyll and Bute",,"character"
"collision","local_authority_district","914","Scottish Borders",,"character"
"collision","local_authority_district","915","Clackmannanshire",,"character"
"collision","local_authority_district","916","West Dunbartonshire",,"character"
"collision","local_authority_district","917","Dumfries and Galloway",,"character"
"collision","local_authority_district","918","Dundee City",,"character"
"collision","local_authority_district","919","East Ayrshire",,"character"
"collision","local_authority_district","920","East Dunbartonshire",,"character"
"collision","local_authority_district","921","East Lothian",,"character"
"collision","local_authority_district","922","East Renfrewshire",,"character"
"collision","local_authority_district","923","Edinburgh, City of",,"character"
"collision","local_authority_district","924","Falkirk",,"character"
"collision","local_authority_district","925","Fife",,"character"
"collision","local_authority_district","926","Glasgow City",,"character"
"collision","local_authority_district","927","Highland",,"character"
"collision","local_authority_district","928","Inverclyde",,"character"
"collision","local_authority_district","929","Midlothian",,"character"
"collision","local_authority_district","930","Moray",,"character"
"collision","local_authority_district","931","North Ayrshire",,"character"
"collision","local_authority_district","932","North Lanarkshire",,"character"
"collision","local_authority_district","933","Orkney Islands",,"character"
"collision","local_authority_district","934","Perth and Kinross",,"character"
"collision","local_authority_district","935","Renfrewshire",,"character"
"collision","local_authority_district","936","Shetland Islands",,"character"
"collision","local_authority_district","937","South Ayrshire",,"character"
"collision","local_authority_district","938","South Lanarkshire",,"character"
"collision","local_authority_district","939","Stirling",,"character"
"collision","local_authority_district","940","West Lothian",,"character"
"collision","local_authority_district","941","Western Isles",,"character"
"collision","local_authority_district","-1","Code deprecated",,"character"
"collision","local_authority_ons_district","E06000001","Hartlepool",,"character"
"collision","local_authority_ons_district","E06000002","Middlesbrough",,"character"
"collision","local_authority_ons_district","E06000003","Redcar and Cleveland",,"character"
"collision","local_authority_ons_district","E06000004","Stockton-on-Tees",,"character"
"collision","local_authority_ons_district","E06000005","Darlington",,"character"
"collision","local_authority_ons_district","E06000006","Halton",,"character"
"collision","local_authority_ons_district","E06000007","Warrington",,"character"
"collision","local_authority_ons_district","E06000008","Blackburn with Darwen",,"character"
"collision","local_authority_ons_district","E06000009","Blackpool",,"character"
"collision","local_authority_ons_district","E06000010","Kingston upon Hull, City of",,"character"
"collision","local_authority_ons_district","E06000011","East Riding of Yorkshire",,"character"
"collision","local_authority_ons_district","E06000012","North East Lincolnshire",,"character"
"collision","local_authority_ons_district","E06000013","North Lincolnshire",,"character"
"collision","local_authority_ons_district","E06000014","York",,"character"
"collision","local_authority_ons_district","E06000015","Derby",,"character"
"collision","local_authority_ons_district","E06000016","Leicester",,"character"
"collision","local_authority_ons_district","E06000017","Rutland",,"character"
"collision","local_authority_ons_district","E06000018","Nottingham",,"character"
"collision","local_authority_ons_district","E06000019","Herefordshire, County of ",,"character"
"collision","local_authority_ons_district","E06000020","Telford and Wrekin",,"character"
"collision","local_authority_ons_district","E06000021","Stoke-on-Trent",,"character"
"collision","local_authority_ons_district","E06000022","Bath and North East Somerset",,"character"
"collision","local_authority_ons_district","E06000023","Bristol, City of",,"character"
"collision","local_authority_ons_district","E06000024","North Somerset",,"character"
"collision","local_authority_ons_district","E06000025","South Gloucestershire",,"character"
"collision","local_authority_ons_district","E06000026","Plymouth",,"character"
"collision","local_authority_ons_district","E06000027","Torbay",,"character"
"collision","local_authority_ons_district","E06000028","Bournemouth",,"character"
"collision","local_authority_ons_district","E06000029","Poole",,"character"
"collision","local_authority_ons_district","E06000030","Swindon",,"character"
"collision","local_authority_ons_district","E06000031","Peterborough",,"character"
"collision","local_authority_ons_district","E06000032","Luton",,"character"
"collision","local_authority_ons_district","E06000033","Southend-on-Sea",,"character"
"collision","local_authority_ons_district","E06000034","Thurrock",,"character"
"collision","local_authority_ons_district","E06000035","Medway",,"character"
"collision","local_authority_ons_district","E06000036","Bracknell Forest",,"character"
"collision","local_authority_ons_district","E06000037","West Berkshire",,"character"
"collision","local_authority_ons_district","E06000038","Reading",,"character"
"collision","local_authority_ons_district","E06000039","Slough",,"character"
"collision","local_authority_ons_district","E06000040","Windsor and Maidenhead",,"character"
"collision","local_authority_ons_district","E06000041","Wokingham",,"character"
"collision","local_authority_ons_district","E06000042","Milton Keynes",,"character"
"collision","local_authority_ons_district","E06000043","Brighton and Hove",,"character"
"collision","local_authority_ons_district","E06000044","Portsmouth",,"character"
"collision","local_authority_ons_district","E06000045","Southampton ",,"character"
"collision","local_authority_ons_district","E06000046","Isle of Wight",,"character"
"collision","local_authority_ons_district","E06000047","County Durham",,"character"
"collision","local_authority_ons_district","E06000048","Northumberland",,"character"
"collision","local_authority_ons_district","E06000049","Cheshire East",,"character"
"collision","local_authority_ons_district","E06000050","Cheshire West and Chester",,"character"
"collision","local_authority_ons_district","E06000051","Shropshire",,"character"
"collision","local_authority_ons_district","E06000052","Cornwall",,"character"
"collision","local_authority_ons_district","E06000053","Isles of Scilly",,"character"
"collision","local_authority_ons_district","E06000054","Wiltshire",,"character"
"collision","local_authority_ons_district","E06000055","Bedford",,"character"
"collision","local_authority_ons_district","E06000056","Central Bedfordshire",,"character"
"collision","local_authority_ons_district","E06000057","Northumberland",,"character"
"collision","local_authority_ons_district","E06000058","Bournemouth, Christchurch and Poole",,"character"
"collision","local_authority_ons_district","E06000059","Dorset (excluding Christchurch)",,"character"
"collision","local_authority_ons_district","E06000060","Buckinghamshire",,"character"
"collision","local_authority_ons_district","E06000061","North Northamptonshire",,"character"
"collision","local_authority_ons_district","E06000062","West Northamptonshire",,"character"
"collision","local_authority_ons_district","E06000063","Cumberland",,"character"
"collision","local_authority_ons_district","E06000064","Westmorland and Furness",,"character"
"collision","local_authority_ons_district","E06000065","North Yorkshire",,"character"
"collision","local_authority_ons_district","E06000066","Somerset",,"character"
"collision","local_authority_ons_district","E07000001","Mid Bedfordshire",,"character"
"collision","local_authority_ons_district","E07000002","Bedford",,"character"
"collision","local_authority_ons_district","E07000003","South Bedfordshire",,"character"
"collision","local_authority_ons_district","E07000004","Aylesbury Vale",,"character"
"collision","local_authority_ons_district","E07000005","Chiltern",,"character"
"collision","local_authority_ons_district","E07000006","South Bucks",,"character"
"collision","local_authority_ons_district","E07000007","Wycombe",,"character"
"collision","local_authority_ons_district","E07000008","Cambridge",,"character"
"collision","local_authority_ons_district","E07000009","East Cambridgeshire",,"character"
"collision","local_authority_ons_district","E07000010","Fenland",,"character"
"collision","local_authority_ons_district","E07000011","Huntingdonshire",,"character"
"collision","local_authority_ons_district","E07000012","South Cambridgeshire",,"character"
"collision","local_authority_ons_district","E07000019","Caradon",,"character"
"collision","local_authority_ons_district","E07000020","Carrick",,"character"
"collision","local_authority_ons_district","E07000021","Kerrier",,"character"
"collision","local_authority_ons_district","E07000022","North Cornwall",,"character"
"collision","local_authority_ons_district","E07000023","Penwith",,"character"
"collision","local_authority_ons_district","E07000024","Restormel",,"character"
"collision","local_authority_ons_district","E07000026","Allerdale",,"character"
"collision","local_authority_ons_district","E07000027","Barrow-in-Furness",,"character"
"collision","local_authority_ons_district","E07000028","Carlisle",,"character"
"collision","local_authority_ons_district","E07000029","Copeland",,"character"
"collision","local_authority_ons_district","E07000030","Eden",,"character"
"collision","local_authority_ons_district","E07000031","South Lakeland",,"character"
"collision","local_authority_ons_district","E07000032","Amber Valley",,"character"
"collision","local_authority_ons_district","E07000033","Bolsover",,"character"
"collision","local_authority_ons_district","E07000034","Chesterfield",,"character"
"collision","local_authority_ons_district","E07000035","Derbyshire Dales",,"character"
"collision","local_authority_ons_district","E07000036","Erewash",,"character"
"collision","local_authority_ons_district","E07000037","High Peak",,"character"
"collision","local_authority_ons_district","E07000038","North East Derbyshire",,"character"
"collision","local_authority_ons_district","E07000039","South Derbyshire",,"character"
"collision","local_authority_ons_district","E07000040","East Devon",,"character"
"collision","local_authority_ons_district","E07000041","Exeter",,"character"
"collision","local_authority_ons_district","E07000042","Mid Devon",,"character"
"collision","local_authority_ons_district","E07000043","North Devon",,"character"
"collision","local_authority_ons_district","E07000044","South Hams",,"character"
"collision","local_authority_ons_district","E07000045","Teignbridge",,"character"
"collision","local_authority_ons_district","E07000046","Torridge",,"character"
"collision","local_authority_ons_district","E07000047","West Devon",,"character"
"collision","local_authority_ons_district","E07000048","Christchurch",,"character"
"collision","local_authority_ons_district","E07000049","East Dorset",,"character"
"collision","local_authority_ons_district","E07000050","North Dorset",,"character"
"collision","local_authority_ons_district","E07000051","Purbeck",,"character"
"collision","local_authority_ons_district","E07000052","West Dorset",,"character"
"collision","local_authority_ons_district","E07000053","Weymouth and Portland",,"character"
"collision","local_authority_ons_district","E07000054","Chester-le-Street",,"character"
"collision","local_authority_ons_district","E07000055","Derwentside",,"character"
"collision","local_authority_ons_district","E07000056","Durham",,"character"
"collision","local_authority_ons_district","E07000057","Easington",,"character"
"collision","local_authority_ons_district","E07000058","Sedgefield",,"character"
"collision","local_authority_ons_district","E07000059","Teesdale",,"character"
"collision","local_authority_ons_district","E07000060","Wear Valley",,"character"
"collision","local_authority_ons_district","E07000061","Eastbourne",,"character"
"collision","local_authority_ons_district","E07000062","Hastings",,"character"
"collision","local_authority_ons_district","E07000063","Lewes",,"character"
"collision","local_authority_ons_district","E07000064","Rother",,"character"
"collision","local_authority_ons_district","E07000065","Wealden",,"character"
"collision","local_authority_ons_district","E07000066","Basildon",,"character"
"collision","local_authority_ons_district","E07000067","Braintree",,"character"
"collision","local_authority_ons_district","E07000068","Brentwood",,"character"
"collision","local_authority_ons_district","E07000069","Castle Point",,"character"
"collision","local_authority_ons_district","E07000070","Chelmsford",,"character"
"collision","local_authority_ons_district","E07000071","Colchester",,"character"
"collision","local_authority_ons_district","E07000072","Epping Forest",,"character"
"collision","local_authority_ons_district","E07000073","Harlow",,"character"
"collision","local_authority_ons_district","E07000074","Maldon",,"character"
"collision","local_authority_ons_district","E07000075","Rochford",,"character"
"collision","local_authority_ons_district","E07000076","Tendring",,"character"
"collision","local_authority_ons_district","E07000077","Uttlesford",,"character"
"collision","local_authority_ons_district","E07000078","Cheltenham",,"character"
"collision","local_authority_ons_district","E07000079","Cotswold",,"character"
"collision","local_authority_ons_district","E07000080","Forest of Dean",,"character"
"collision","local_authority_ons_district","E07000081","Gloucester",,"character"
"collision","local_authority_ons_district","E07000082","Stroud",,"character"
"collision","local_authority_ons_district","E07000083","Tewkesbury",,"character"
"collision","local_authority_ons_district","E07000084","Basingstoke and Deane",,"character"
"collision","local_authority_ons_district","E07000085","East Hampshire",,"character"
"collision","local_authority_ons_district","E07000086","Eastleigh",,"character"
"collision","local_authority_ons_district","E07000087","Fareham",,"character"
"collision","local_authority_ons_district","E07000088","Gosport",,"character"
"collision","local_authority_ons_district","E07000089","Hart",,"character"
"collision","local_authority_ons_district","E07000090","Havant",,"character"
"collision","local_authority_ons_district","E07000091","New Forest",,"character"
"collision","local_authority_ons_district","E07000092","Rushmoor",,"character"
"collision","local_authority_ons_district","E07000093","Test Valley",,"character"
"collision","local_authority_ons_district","E07000094","Winchester",,"character"
"collision","local_authority_ons_district","E07000095","Broxbourne",,"character"
"collision","local_authority_ons_district","E07000096","Dacorum",,"character"
"collision","local_authority_ons_district","E07000097","East Hertfordshire",,"character"
"collision","local_authority_ons_district","E07000098","Hertsmere",,"character"
"collision","local_authority_ons_district","E07000099","North Hertfordshire",,"character"
"collision","local_authority_ons_district","E07000100","St Albans",,"character"
"collision","local_authority_ons_district","E07000101","Stevenage",,"character"
"collision","local_authority_ons_district","E07000102","Three Rivers",,"character"
"collision","local_authority_ons_district","E07000103","Watford",,"character"
"collision","local_authority_ons_district","E07000104","Welwyn Hatfield",,"character"
"collision","local_authority_ons_district","E07000105","Ashford",,"character"
"collision","local_authority_ons_district","E07000106","Canterbury",,"character"
"collision","local_authority_ons_district","E07000107","Dartford",,"character"
"collision","local_authority_ons_district","E07000108","Dover",,"character"
"collision","local_authority_ons_district","E07000109","Gravesham",,"character"
"collision","local_authority_ons_district","E07000110","Maidstone",,"character"
"collision","local_authority_ons_district","E07000111","Sevenoaks",,"character"
"collision","local_authority_ons_district","E07000112","Shepway",,"character"
"collision","local_authority_ons_district","E07000113","Swale",,"character"
"collision","local_authority_ons_district","E07000114","Thanet",,"character"
"collision","local_authority_ons_district","E07000115","Tonbridge and Malling",,"character"
"collision","local_authority_ons_district","E07000116","Tunbridge Wells",,"character"
"collision","local_authority_ons_district","E07000117","Burnley",,"character"
"collision","local_authority_ons_district","E07000118","Chorley",,"character"
"collision","local_authority_ons_district","E07000119","Fylde",,"character"
"collision","local_authority_ons_district","E07000120","Hyndburn",,"character"
"collision","local_authority_ons_district","E07000121","Lancaster",,"character"
"collision","local_authority_ons_district","E07000122","Pendle",,"character"
"collision","local_authority_ons_district","E07000123","Preston",,"character"
"collision","local_authority_ons_district","E07000124","Ribble Valley",,"character"
"collision","local_authority_ons_district","E07000125","Rossendale",,"character"
"collision","local_authority_ons_district","E07000126","South Ribble",,"character"
"collision","local_authority_ons_district","E07000127","West Lancashire",,"character"
"collision","local_authority_ons_district","E07000128","Wyre",,"character"
"collision","local_authority_ons_district","E07000129","Blaby",,"character"
"collision","local_authority_ons_district","E07000130","Charnwood",,"character"
"collision","local_authority_ons_district","E07000131","Harborough",,"character"
"collision","local_authority_ons_district","E07000132","Hinckley and Bosworth",,"character"
"collision","local_authority_ons_district","E07000133","Melton",,"character"
"collision","local_authority_ons_district","E07000134","North West Leicestershire",,"character"
"collision","local_authority_ons_district","E07000135","Oadby and Wigston",,"character"
"collision","local_authority_ons_district","E07000136","Boston",,"character"
"collision","local_authority_ons_district","E07000137","East Lindsey",,"character"
"collision","local_authority_ons_district","E07000138","Lincoln",,"character"
"collision","local_authority_ons_district","E07000139","North Kesteven",,"character"
"collision","local_authority_ons_district","E07000140","South Holland",,"character"
"collision","local_authority_ons_district","E07000141","South Kesteven",,"character"
"collision","local_authority_ons_district","E07000142","West Lindsey",,"character"
"collision","local_authority_ons_district","E07000143","Breckland",,"character"
"collision","local_authority_ons_district","E07000144","Broadland",,"character"
"collision","local_authority_ons_district","E07000145","Great Yarmouth",,"character"
"collision","local_authority_ons_district","E07000146","King's Lynn and West Norfolk",,"character"
"collision","local_authority_ons_district","E07000147","North Norfolk",,"character"
"collision","local_authority_ons_district","E07000148","Norwich",,"character"
"collision","local_authority_ons_district","E07000149","South Norfolk",,"character"
"collision","local_authority_ons_district","E07000150","Corby",,"character"
"collision","local_authority_ons_district","E07000151","Daventry",,"character"
"collision","local_authority_ons_district","E07000152","East Northamptonshire",,"character"
"collision","local_authority_ons_district","E07000153","Kettering",,"character"
"collision","local_authority_ons_district","E07000154","Northampton",,"character"
"collision","local_authority_ons_district","E07000155","South Northamptonshire",,"character"
"collision","local_authority_ons_district","E07000156","Wellingborough",,"character"
"collision","local_authority_ons_district","E07000163","Craven",,"character"
"collision","local_authority_ons_district","E07000164","Hambleton",,"character"
"collision","local_authority_ons_district","E07000165","Harrogate",,"character"
"collision","local_authority_ons_district","E07000166","Richmondshire",,"character"
"collision","local_authority_ons_district","E07000167","Ryedale",,"character"
"collision","local_authority_ons_district","E07000168","Scarborough",,"character"
"collision","local_authority_ons_district","E07000169","Selby",,"character"
"collision","local_authority_ons_district","E07000170","Ashfield",,"character"
"collision","local_authority_ons_district","E07000171","Bassetlaw",,"character"
"collision","local_authority_ons_district","E07000172","Broxtowe",,"character"
"collision","local_authority_ons_district","E07000173","Gedling",,"character"
"collision","local_authority_ons_district","E07000174","Mansfield",,"character"
"collision","local_authority_ons_district","E07000175","Newark and Sherwood",,"character"
"collision","local_authority_ons_district","E07000176","Rushcliffe",,"character"
"collision","local_authority_ons_district","E07000177","Cherwell",,"character"
"collision","local_authority_ons_district","E07000178","Oxford",,"character"
"collision","local_authority_ons_district","E07000179","South Oxfordshire",,"character"
"collision","local_authority_ons_district","E07000180","Vale of White Horse",,"character"
"collision","local_authority_ons_district","E07000181","West Oxfordshire",,"character"
"collision","local_authority_ons_district","E07000187","Mendip",,"character"
"collision","local_authority_ons_district","E07000188","Sedgemoor",,"character"
"collision","local_authority_ons_district","E07000189","South Somerset",,"character"
"collision","local_authority_ons_district","E07000190","Taunton Deane",,"character"
"collision","local_authority_ons_district","E07000191","West Somerset",,"character"
"collision","local_authority_ons_district","E07000192","Cannock Chase",,"character"
"collision","local_authority_ons_district","E07000193","East Staffordshire",,"character"
"collision","local_authority_ons_district","E07000194","Lichfield",,"character"
"collision","local_authority_ons_district","E07000195","Newcastle-under-Lyme",,"character"
"collision","local_authority_ons_district","E07000196","South Staffordshire",,"character"
"collision","local_authority_ons_district","E07000197","Stafford",,"character"
"collision","local_authority_ons_district","E07000198","Staffordshire Moorlands",,"character"
"collision","local_authority_ons_district","E07000199","Tamworth",,"character"
"collision","local_authority_ons_district","E07000200","Babergh",,"character"
"collision","local_authority_ons_district","E07000201","Forest Heath",,"character"
"collision","local_authority_ons_district","E07000202","Ipswich",,"character"
"collision","local_authority_ons_district","E07000203","Mid Suffolk",,"character"
"collision","local_authority_ons_district","E07000204","St Edmundsbury",,"character"
"collision","local_authority_ons_district","E07000205","Suffolk Coastal",,"character"
"collision","local_authority_ons_district","E07000206","Waveney",,"character"
"collision","local_authority_ons_district","E07000207","Elmbridge",,"character"
"collision","local_authority_ons_district","E07000208","Epsom and Ewell",,"character"
"collision","local_authority_ons_district","E07000209","Guildford",,"character"
"collision","local_authority_ons_district","E07000210","Mole Valley",,"character"
"collision","local_authority_ons_district","E07000211","Reigate and Banstead",,"character"
"collision","local_authority_ons_district","E07000212","Runnymede",,"character"
"collision","local_authority_ons_district","E07000213","Spelthorne",,"character"
"collision","local_authority_ons_district","E07000214","Surrey Heath",,"character"
"collision","local_authority_ons_district","E07000215","Tandridge",,"character"
"collision","local_authority_ons_district","E07000216","Waverley",,"character"
"collision","local_authority_ons_district","E07000217","Woking",,"character"
"collision","local_authority_ons_district","E07000218","North Warwickshire",,"character"
"collision","local_authority_ons_district","E07000219","Nuneaton and Bedworth",,"character"
"collision","local_authority_ons_district","E07000220","Rugby ",,"character"
"collision","local_authority_ons_district","E07000221","Stratford-on-Avon",,"character"
"collision","local_authority_ons_district","E07000222","Warwick",,"character"
"collision","local_authority_ons_district","E07000223","Adur",,"character"
"collision","local_authority_ons_district","E07000224","Arun",,"character"
"collision","local_authority_ons_district","E07000225","Chichester",,"character"
"collision","local_authority_ons_district","E07000226","Crawley",,"character"
"collision","local_authority_ons_district","E07000227","Horsham",,"character"
"collision","local_authority_ons_district","E07000228","Mid Sussex",,"character"
"collision","local_authority_ons_district","E07000229","Worthing",,"character"
"collision","local_authority_ons_district","E07000234","Bromsgrove",,"character"
"collision","local_authority_ons_district","E07000235","Malvern Hills",,"character"
"collision","local_authority_ons_district","E07000236","Redditch",,"character"
"collision","local_authority_ons_district","E07000237","Worcester",,"character"
"collision","local_authority_ons_district","E07000238","Wychavon",,"character"
"collision","local_authority_ons_district","E07000239","Wyre Forest",,"character"
"collision","local_authority_ons_district","E07000240","St Albans",,"character"
"collision","local_authority_ons_district","E07000241","Welwyn Hatfield",,"character"
"collision","local_authority_ons_district","E07000242","East Hertfordshire",,"character"
"collision","local_authority_ons_district","E07000243","Stevenage",,"character"
"collision","local_authority_ons_district","E07000244","East Suffolk",,"character"
"collision","local_authority_ons_district","E07000245","West Suffolk",,"character"
"collision","local_authority_ons_district","E08000001","Bolton",,"character"
"collision","local_authority_ons_district","E08000002","Bury",,"character"
"collision","local_authority_ons_district","E08000003","Manchester",,"character"
"collision","local_authority_ons_district","E08000004","Oldham",,"character"
"collision","local_authority_ons_district","E08000005","Rochdale",,"character"
"collision","local_authority_ons_district","E08000006","Salford",,"character"
"collision","local_authority_ons_district","E08000007","Stockport",,"character"
"collision","local_authority_ons_district","E08000008","Tameside",,"character"
"collision","local_authority_ons_district","E08000009","Trafford",,"character"
"collision","local_authority_ons_district","E08000010","Wigan",,"character"
"collision","local_authority_ons_district","E08000011","Knowsley",,"character"
"collision","local_authority_ons_district","E08000012","Liverpool",,"character"
"collision","local_authority_ons_district","E08000013","St. Helens",,"character"
"collision","local_authority_ons_district","E08000014","Sefton",,"character"
"collision","local_authority_ons_district","E08000015","Wirral",,"character"
"collision","local_authority_ons_district","E08000016","Barnsley",,"character"
"collision","local_authority_ons_district","E08000017","Doncaster",,"character"
"collision","local_authority_ons_district","E08000018","Rotherham",,"character"
"collision","local_authority_ons_district","E08000019","Sheffield",,"character"
"collision","local_authority_ons_district","E08000020","Gateshead",,"character"
"collision","local_authority_ons_district","E08000021","Newcastle upon Tyne",,"character"
"collision","local_authority_ons_district","E08000022","North Tyneside",,"character"
"collision","local_authority_ons_district","E08000023","South Tyneside",,"character"
"collision","local_authority_ons_district","E08000024","Sunderland",,"character"
"collision","local_authority_ons_district","E08000025","Birmingham",,"character"
"collision","local_authority_ons_district","E08000026","Coventry",,"character"
"collision","local_authority_ons_district","E08000027","Dudley",,"character"
"collision","local_authority_ons_district","E08000028","Sandwell",,"character"
"collision","local_authority_ons_district","E08000029","Solihull",,"character"
"collision","local_authority_ons_district","E08000030","Walsall",,"character"
"collision","local_authority_ons_district","E08000031","Wolverhampton",,"character"
"collision","local_authority_ons_district","E08000032","Bradford",,"character"
"collision","local_authority_ons_district","E08000033","Calderdale",,"character"
"collision","local_authority_ons_district","E08000034","Kirklees",,"character"
"collision","local_authority_ons_district","E08000035","Leeds",,"character"
"collision","local_authority_ons_district","E08000037","Gateshead",,"character"
"collision","local_authority_ons_district","E08000036","Wakefield",,"character"
"collision","local_authority_ons_district","E09000001","City of London",,"character"
"collision","local_authority_ons_district","E09000001","City of London",,"character"
"collision","local_authority_ons_district","E09000002","Barking and Dagenham",,"character"
"collision","local_authority_ons_district","E09000003","Barnet",,"character"
"collision","local_authority_ons_district","E09000004","Bexley",,"character"
"collision","local_authority_ons_district","E09000005","Brent",,"character"
"collision","local_authority_ons_district","E09000006","Bromley",,"character"
"collision","local_authority_ons_district","E09000007","Camden",,"character"
"collision","local_authority_ons_district","E09000008","Croydon",,"character"
"collision","local_authority_ons_district","E09000009","Ealing",,"character"
"collision","local_authority_ons_district","E09000010","Enfield",,"character"
"collision","local_authority_ons_district","E09000011","Greenwich",,"character"
"collision","local_authority_ons_district","E09000012","Hackney",,"character"
"collision","local_authority_ons_district","E09000013","Hammersmith and Fulham",,"character"
"collision","local_authority_ons_district","E09000014","Haringey",,"character"
"collision","local_authority_ons_district","E09000015","Harrow",,"character"
"collision","local_authority_ons_district","E09000016","Havering",,"character"
"collision","local_authority_ons_district","E09000017","Hillingdon",,"character"
"collision","local_authority_ons_district","E09000018","Hounslow",,"character"
"collision","local_authority_ons_district","E09000019","Islington",,"character"
"collision","local_authority_ons_district","E09000020","Kensington and Chelsea",,"character"
"collision","local_authority_ons_district","E09000021","Kingston upon Thames",,"character"
"collision","local_authority_ons_district","E09000022","Lambeth",,"character"
"collision","local_authority_ons_district","E09000023","Lewisham",,"character"
"collision","local_authority_ons_district","E09000024","Merton",,"character"
"collision","local_authority_ons_district","E09000025","Newham",,"character"
"collision","local_authority_ons_district","E09000026","Redbridge",,"character"
"collision","local_authority_ons_district","E09000027","Richmond upon Thames",,"character"
"collision","local_authority_ons_district","E09000028","Southwark",,"character"
"collision","local_authority_ons_district","E09000029","Sutton",,"character"
"collision","local_authority_ons_district","E09000030","Tower Hamlets",,"character"
"collision","local_authority_ons_district","E09000031","Waltham Forest",,"character"
"collision","local_authority_ons_district","E09000032","Wandsworth",,"character"
"collision","local_authority_ons_district","E09000033","Westminster",,"character"
"collision","local_authority_ons_district","E10000004","Cheshire",,"character"
"collision","local_authority_ons_district","EHEATHROW","London Airport (Heathrow)",,"character"
"collision","local_authority_ons_district","S12000005","Clackmannanshire",,"character"
"collision","local_authority_ons_district","S12000006","Dumfries and Galloway",,"character"
"collision","local_authority_ons_district","S12000008","East Ayrshire",,"character"
"collision","local_authority_ons_district","S12000009","East Dunbartonshire",,"character"
"collision","local_authority_ons_district","S12000010","East Lothian",,"character"
"collision","local_authority_ons_district","S12000011","East Renfrewshire",,"character"
"collision","local_authority_ons_district","S12000013","Comhairle nan Eilean Siar",,"character"
"collision","local_authority_ons_district","S12000014","Falkirk",,"character"
"collision","local_authority_ons_district","S12000015","Fife",,"character"
"collision","local_authority_ons_district","S12000017","Highland",,"character"
"collision","local_authority_ons_district","S12000018","Inverclyde",,"character"
"collision","local_authority_ons_district","S12000019","Midlothian",,"character"
"collision","local_authority_ons_district","S12000020","Moray",,"character"
"collision","local_authority_ons_district","S12000021","North Ayrshire",,"character"
"collision","local_authority_ons_district","S12000023","Orkney Islands",,"character"
"collision","local_authority_ons_district","S12000024","Perth and Kinross",,"character"
"collision","local_authority_ons_district","S12000026","Scottish Borders",,"character"
"collision","local_authority_ons_district","S12000027","Shetland Islands",,"character"
"collision","local_authority_ons_district","S12000028","South Ayrshire",,"character"
"collision","local_authority_ons_district","S12000029","South Lanarkshire",,"character"
"collision","local_authority_ons_district","S12000030","Stirling",,"character"
"collision","local_authority_ons_district","S12000033","Aberdeen City",,"character"
"collision","local_authority_ons_district","S12000034","Aberdeenshire",,"character"
"collision","local_authority_ons_district","S12000035","Argyll and Bute",,"character"
"collision","local_authority_ons_district","S12000036","City of Edinburgh",,"character"
"collision","local_authority_ons_district","S12000038","Renfrewshire",,"character"
"collision","local_authority_ons_district","S12000039","West Dunbartonshire",,"character"
"collision","local_authority_ons_district","S12000040","West Lothian",,"character"
"collision","local_authority_ons_district","S12000041","Angus",,"character"
"collision","local_authority_ons_district","S12000042","Dundee City",,"character"
"collision","local_authority_ons_district","S12000043","Glasgow City",,"character"
"collision","local_authority_ons_district","S12000044","North Lanarkshire",,"character"
"collision","local_authority_ons_district","S12000045","East Dunbartonshire",,"character"
"collision","local_authority_ons_district","S12000046","Glasgow City",,"character"
"collision","local_authority_ons_district","S12000047","Fife",,"character"
"collision","local_authority_ons_district","S12000048","Perth and Kinross",,"character"
"collision","local_authority_ons_district","S12000049","Glasgow City",,"character"
"collision","local_authority_ons_district","S12000050","North Lanarkshire",,"character"
"collision","local_authority_ons_district","W06000001","Isle of Anglesey",,"character"
"collision","local_authority_ons_district","W06000002","Gwynedd",,"character"
"collision","local_authority_ons_district","W06000003","Conwy",,"character"
"collision","local_authority_ons_district","W06000004","Denbighshire",,"character"
"collision","local_authority_ons_district","W06000005","Flintshire",,"character"
"collision","local_authority_ons_district","W06000006","Wrexham",,"character"
"collision","local_authority_ons_district","W06000008","Ceredigion",,"character"
"collision","local_authority_ons_district","W06000009","Pembrokeshire",,"character"
"collision","local_authority_ons_district","W06000010","Carmarthenshire",,"character"
"collision","local_authority_ons_district","W06000011","Swansea",,"character"
"collision","local_authority_ons_district","W06000012","Neath Port Talbot",,"character"
"collision","local_authority_ons_district","W06000013","Bridgend",,"character"
"collision","local_authority_ons_district","W06000014","Vale of Glamorgan",,"character"
"collision","local_authority_ons_district","W06000015","Cardiff",,"character"
"collision","local_authority_ons_district","W06000016","Rhondda Cynon Taf",,"character"
"collision","local_authority_ons_district","W06000018","Caerphilly",,"character"
"collision","local_authority_ons_district","W06000019","Blaenau Gwent",,"character"
"collision","local_authority_ons_district","W06000020","Torfaen",,"character"
"collision","local_authority_ons_district","W06000021","Monmouthshire",,"character"
"collision","local_authority_ons_district","W06000022","Newport",,"character"
"collision","local_authority_ons_district","W06000023","Powys",,"character"
"collision","local_authority_ons_district","W06000024","Merthyr Tydfil",,"character"
"collision","local_authority_ons_district","-1","Record predates use of local_authority_ons_district",,"character"
"collision","local_authority_highway","E06000001","Hartlepool",,"character"
"collision","local_authority_highway","E06000002","Middlesbrough",,"character"
"collision","local_authority_highway","E06000003","Redcar and Cleveland",,"character"
"collision","local_authority_highway","E06000004","Stockton-on-Tees",,"character"
"collision","local_authority_highway","E06000005","Darlington",,"character"
"collision","local_authority_highway","E06000006","Halton",,"character"
"collision","local_authority_highway","E06000007","Warrington",,"character"
"collision","local_authority_highway","E06000008","Blackburn with Darwen",,"character"
"collision","local_authority_highway","E06000009","Blackpool",,"character"
"collision","local_authority_highway","E06000010","Kingston upon Hull, City of",,"character"
"collision","local_authority_highway","E06000011","East Riding of Yorkshire",,"character"
"collision","local_authority_highway","E06000012","North East Lincolnshire",,"character"
"collision","local_authority_highway","E06000013","North Lincolnshire",,"character"
"collision","local_authority_highway","E06000014","York",,"character"
"collision","local_authority_highway","E06000015","Derby",,"character"
"collision","local_authority_highway","E06000016","Leicester",,"character"
"collision","local_authority_highway","E06000017","Rutland",,"character"
"collision","local_authority_highway","E06000018","Nottingham",,"character"
"collision","local_authority_highway","E06000019","Herefordshire, County of ",,"character"
"collision","local_authority_highway","E06000020","Telford and Wrekin",,"character"
"collision","local_authority_highway","E06000021","Stoke-on-Trent",,"character"
"collision","local_authority_highway","E06000022","Bath and North East Somerset",,"character"
"collision","local_authority_highway","E06000023","Bristol, City of",,"character"
"collision","local_authority_highway","E06000024","North Somerset",,"character"
"collision","local_authority_highway","E06000025","South Gloucestershire",,"character"
"collision","local_authority_highway","E06000026","Plymouth",,"character"
"collision","local_authority_highway","E06000027","Torbay",,"character"
"collision","local_authority_highway","E06000028","Bournemouth",,"character"
"collision","local_authority_highway","E06000029","Poole",,"character"
"collision","local_authority_highway","E06000030","Swindon",,"character"
"collision","local_authority_highway","E06000031","Peterborough",,"character"
"collision","local_authority_highway","E06000032","Luton",,"character"
"collision","local_authority_highway","E06000033","Southend-on-Sea",,"character"
"collision","local_authority_highway","E06000034","Thurrock",,"character"
"collision","local_authority_highway","E06000035","Medway",,"character"
"collision","local_authority_highway","E06000036","Bracknell Forest",,"character"
"collision","local_authority_highway","E06000037","West Berkshire",,"character"
"collision","local_authority_highway","E06000038","Reading",,"character"
"collision","local_authority_highway","E06000039","Slough",,"character"
"collision","local_authority_highway","E06000040","Windsor and Maidenhead",,"character"
"collision","local_authority_highway","E06000041","Wokingham",,"character"
"collision","local_authority_highway","E06000042","Milton Keynes",,"character"
"collision","local_authority_highway","E06000043","Brighton and Hove",,"character"
"collision","local_authority_highway","E06000044","Portsmouth",,"character"
"collision","local_authority_highway","E06000045","Southampton ",,"character"
"collision","local_authority_highway","E06000046","Isle of Wight",,"character"
"collision","local_authority_highway","E06000047","County Durham",,"character"
"collision","local_authority_highway","E06000048","Northumberland",,"character"
"collision","local_authority_highway","E06000049","Cheshire East",,"character"
"collision","local_authority_highway","E06000050","Cheshire West and Chester",,"character"
"collision","local_authority_highway","E06000051","Shropshire",,"character"
"collision","local_authority_highway","E06000052","Cornwall",,"character"
"collision","local_authority_highway","E06000053","Isles of Scilly",,"character"
"collision","local_authority_highway","E06000054","Wiltshire",,"character"
"collision","local_authority_highway","E06000055","Bedford",,"character"
"collision","local_authority_highway","E06000056","Central Bedfordshire",,"character"
"collision","local_authority_highway","E06000057","Northumberland",,"character"
"collision","local_authority_highway","E06000058","Bournemouth, Christchurch and Poole",,"character"
"collision","local_authority_highway","E06000059","Dorset (excluding Christchurch)",,"character"
"collision","local_authority_highway","E06000060","Buckinghamshire",,"character"
"collision","local_authority_highway","E06000061","North Northamptonshire",,"character"
"collision","local_authority_highway","E06000062","West Northamptonshire",,"character"
"collision","local_authority_highway","E08000001","Bolton",,"character"
"collision","local_authority_highway","E08000002","Bury",,"character"
"collision","local_authority_highway","E08000003","Manchester",,"character"
"collision","local_authority_highway","E08000004","Oldham",,"character"
"collision","local_authority_highway","E08000005","Rochdale",,"character"
"collision","local_authority_highway","E08000006","Salford",,"character"
"collision","local_authority_highway","E08000007","Stockport",,"character"
"collision","local_authority_highway","E08000008","Tameside",,"character"
"collision","local_authority_highway","E08000009","Trafford",,"character"
"collision","local_authority_highway","E08000010","Wigan",,"character"
"collision","local_authority_highway","E08000011","Knowsley",,"character"
"collision","local_authority_highway","E08000012","Liverpool",,"character"
"collision","local_authority_highway","E08000013","St. Helens",,"character"
"collision","local_authority_highway","E08000014","Sefton",,"character"
"collision","local_authority_highway","E08000015","Wirral",,"character"
"collision","local_authority_highway","E08000016","Barnsley",,"character"
"collision","local_authority_highway","E08000017","Doncaster",,"character"
"collision","local_authority_highway","E08000018","Rotherham",,"character"
"collision","local_authority_highway","E08000019","Sheffield",,"character"
"collision","local_authority_highway","E08000020","Gateshead",,"character"
"collision","local_authority_highway","E08000021","Newcastle upon Tyne",,"character"
"collision","local_authority_highway","E08000022","North Tyneside",,"character"
"collision","local_authority_highway","E08000023","South Tyneside",,"character"
"collision","local_authority_highway","E08000024","Sunderland",,"character"
"collision","local_authority_highway","E08000025","Birmingham",,"character"
"collision","local_authority_highway","E08000026","Coventry",,"character"
"collision","local_authority_highway","E08000027","Dudley",,"character"
"collision","local_authority_highway","E08000028","Sandwell",,"character"
"collision","local_authority_highway","E08000029","Solihull",,"character"
"collision","local_authority_highway","E08000030","Walsall",,"character"
"collision","local_authority_highway","E08000031","Wolverhampton",,"character"
"collision","local_authority_highway","E08000032","Bradford",,"character"
"collision","local_authority_highway","E08000033","Calderdale",,"character"
"collision","local_authority_highway","E08000034","Kirklees",,"character"
"collision","local_authority_highway","E08000035","Leeds",,"character"
"collision","local_authority_highway","E08000037","Gateshead",,"character"
"collision","local_authority_highway","E08000036","Wakefield",,"character"
"collision","local_authority_highway","E09000001","City of London",,"character"
"collision","local_authority_highway","E09000002","Barking and Dagenham",,"character"
"collision","local_authority_highway","E09000003","Barnet",,"character"
"collision","local_authority_highway","E09000004","Bexley",,"character"
"collision","local_authority_highway","E09000005","Brent",,"character"
"collision","local_authority_highway","E09000006","Bromley",,"character"
"collision","local_authority_highway","E09000007","Camden",,"character"
"collision","local_authority_highway","E09000008","Croydon",,"character"
"collision","local_authority_highway","E09000009","Ealing",,"character"
"collision","local_authority_highway","E09000010","Enfield",,"character"
"collision","local_authority_highway","E09000011","Greenwich",,"character"
"collision","local_authority_highway","E09000012","Hackney",,"character"
"collision","local_authority_highway","E09000013","Hammersmith and Fulham",,"character"
"collision","local_authority_highway","E09000014","Haringey",,"character"
"collision","local_authority_highway","E09000015","Harrow",,"character"
"collision","local_authority_highway","E09000016","Havering",,"character"
"collision","local_authority_highway","E09000017","Hillingdon",,"character"
"collision","local_authority_highway","E09000018","Hounslow",,"character"
"collision","local_authority_highway","E09000019","Islington",,"character"
"collision","local_authority_highway","E09000020","Kensington and Chelsea",,"character"
"collision","local_authority_highway","E09000021","Kingston upon Thames",,"character"
"collision","local_authority_highway","E09000022","Lambeth",,"character"
"collision","local_authority_highway","E09000023","Lewisham",,"character"
"collision","local_authority_highway","E09000024","Merton",,"character"
"collision","local_authority_highway","E09000025","Newham",,"character"
"collision","local_authority_highway","E09000026","Redbridge",,"character"
"collision","local_authority_highway","E09000027","Richmond upon Thames",,"character"
"collision","local_authority_highway","E09000028","Southwark",,"character"
"collision","local_authority_highway","E09000029","Sutton",,"character"
"collision","local_authority_highway","E09000030","Tower Hamlets",,"character"
"collision","local_authority_highway","E09000031","Waltham Forest",,"character"
"collision","local_authority_highway","E09000032","Wandsworth",,"character"
"collision","local_authority_highway","E09000033","Westminster",,"character"
"collision","local_authority_highway","E10000002","Buckinghamshire",,"character"
"collision","local_authority_highway","E10000003","Cambridgeshire",,"character"
"collision","local_authority_highway","E10000006","Cumbria",,"character"
"collision","local_authority_highway","E10000007","Derbyshire",,"character"
"collision","local_authority_highway","E10000008","Devon",,"character"
"collision","local_authority_highway","E10000009","Dorset",,"character"
"collision","local_authority_highway","E10000011","East Sussex",,"character"
"collision","local_authority_highway","E10000012","Essex",,"character"
"collision","local_authority_highway","E10000013","Gloucestershire",,"character"
"collision","local_authority_highway","E10000014","Hampshire",,"character"
"collision","local_authority_highway","E10000015","Hertfordshire",,"character"
"collision","local_authority_highway","E10000016","Kent",,"character"
"collision","local_authority_highway","E10000017","Lancashire",,"character"
"collision","local_authority_highway","E10000018","Leicestershire",,"character"
"collision","local_authority_highway","E10000019","Lincolnshire",,"character"
"collision","local_authority_highway","E10000020","Norfolk",,"character"
"collision","local_authority_highway","E10000021","Northamptonshire",,"character"
"collision","local_authority_highway","E10000023","North Yorkshire",,"character"
"collision","local_authority_highway","E10000024","Nottinghamshire",,"character"
"collision","local_authority_highway","E10000025","Oxfordshire",,"character"
"collision","local_authority_highway","E10000027","Somerset",,"character"
"collision","local_authority_highway","E10000028","Staffordshire",,"character"
"collision","local_authority_highway","E10000029","Suffolk",,"character"
"collision","local_authority_highway","E10000030","Surrey",,"character"
"collision","local_authority_highway","E10000031","Warwickshire",,"character"
"collision","local_authority_highway","E10000032","West Sussex",,"character"
"collision","local_authority_highway","E10000034","Worcestershire",,"character"
"collision","local_authority_highway","EHEATHROW","London Airport (Heathrow)",,"character"
"collision","local_authority_highway","S12000005","Clackmannanshire",,"character"
"collision","local_authority_highway","S12000006","Dumfries & Galloway",,"character"
"collision","local_authority_highway","S12000008","East Ayrshire",,"character"
"collision","local_authority_highway","S12000009","East Dunbartonshire",,"character"
"collision","local_authority_highway","S12000010","East Lothian",,"character"
"collision","local_authority_highway","S12000011","East Renfrewshire",,"character"
"collision","local_authority_highway","S12000013","Na h-Eileanan an Iar (Western Isles)",,"character"
"collision","local_authority_highway","S12000014","Falkirk",,"character"
"collision","local_authority_highway","S12000015","Fife",,"character"
"collision","local_authority_highway","S12000017","Highland",,"character"
"collision","local_authority_highway","S12000018","Inverclyde",,"character"
"collision","local_authority_highway","S12000019","Midlothian",,"character"
"collision","local_authority_highway","S12000020","Moray",,"character"
"collision","local_authority_highway","S12000021","North Ayrshire",,"character"
"collision","local_authority_highway","S12000023","Orkney Islands",,"character"
"collision","local_authority_highway","S12000024","Perth and Kinross",,"character"
"collision","local_authority_highway","S12000026","Scottish Borders",,"character"
"collision","local_authority_highway","S12000027","Shetland Islands",,"character"
"collision","local_authority_highway","S12000028","South Ayrshire",,"character"
"collision","local_authority_highway","S12000029","South Lanarkshire",,"character"
"collision","local_authority_highway","S12000030","Stirling",,"character"
"collision","local_authority_highway","S12000033","Aberdeen City",,"character"
"collision","local_authority_highway","S12000034","Aberdeenshire",,"character"
"collision","local_authority_highway","S12000035","Argyll & Bute",,"character"
"collision","local_authority_highway","S12000036","Edinburgh, City of",,"character"
"collision","local_authority_highway","S12000038","Renfrewshire",,"character"
"collision","local_authority_highway","S12000039","West Dunbartonshire",,"character"
"collision","local_authority_highway","S12000040","West Lothian",,"character"
"collision","local_authority_highway","S12000041","Angus",,"character"
"collision","local_authority_highway","S12000042","Dundee City",,"character"
"collision","local_authority_highway","S12000043","Glasgow City",,"character"
"collision","local_authority_highway","S12000044","North Lanarkshire",,"character"
"collision","local_authority_highway","S12000045","East Dunbartonshire",,"character"
"collision","local_authority_highway","S12000047","Fife",,"character"
"collision","local_authority_highway","S12000048","Perth and Kinross",,"character"
"collision","local_authority_highway","S12000049","Glasgow City",,"character"
"collision","local_authority_highway","S12000050","North Lanarkshire",,"character"
"collision","local_authority_highway","W06000001","Isle of Anglesey",,"character"
"collision","local_authority_highway","W06000002","Gwynedd",,"character"
"collision","local_authority_highway","W06000003","Conwy",,"character"
"collision","local_authority_highway","W06000004","Denbighshire",,"character"
"collision","local_authority_highway","W06000005","Flintshire",,"character"
"collision","local_authority_highway","W06000006","Wrexham",,"character"
"collision","local_authority_highway","W06000008","Ceredigion",,"character"
"collision","local_authority_highway","W06000009","Pembrokeshire",,"character"
"collision","local_authority_highway","W06000010","Carmarthenshire",,"character"
"collision","local_authority_highway","W06000011","Swansea",,"character"
"collision","local_authority_highway","W06000012","Neath Port Talbot",,"character"
"collision","local_authority_highway","W06000013","Bridgend",,"character"
"collision","local_authority_highway","W06000014","The Vale of Glamorgan",,"character"
"collision","local_authority_highway","W06000015","Cardiff",,"character"
"collision","local_authority_highway","W06000016","Rhondda, Cynon, Taff",,"character"
"collision","local_authority_highway","W06000018","Caerphilly",,"character"
"collision","local_authority_highway","W06000019","Blaenau Gwent",,"character"
"collision","local_authority_highway","W06000020","Torfaen",,"character"
"collision","local_authority_highway","W06000021","Monmouthshire",,"character"
"collision","local_authority_highway","W06000022","Newport",,"character"
"collision","local_authority_highway","W06000023","Powys",,"character"
"collision","local_authority_highway","W06000024","Merthyr Tydfil",,"character"
"collision","local_authority_highway","-1","Record predates use of local_authority_highway codes",,"character"
"collision","local_authority_highway_current","See latest ONS code list","https://geoportal.statistics.gov.uk/search?q=NAC_CTYUA&sort=Date%20Created%7Ccreated%7Cdesc","Field introdcued with 2024 data and maps all collisions to the lastest ONS boundaries (back to 2004) based on the recorded collision location","character"
"collision","first_road_class","1","Motorway",,"character"
"collision","first_road_class","2","A(M)",,"character"
"collision","first_road_class","3","A",,"character"
"collision","first_road_class","4","B",,"character"
"collision","first_road_class","5","C",,"character"
"collision","first_road_class","6","Unclassified",,"character"
"collision","first_road_class","-1","Data missing or out of range",,"character"
"collision","first_road_number","1 to 9999","Number range",,"character"
"collision","first_road_number","-1","Unknown",,"character"
"collision","first_road_number","0","first_road_class is C or Unclassified. These roads do not have official numbers so recorded as zero ",,"character"
"collision","road_type","1","Roundabout",,"character"
"collision","road_type","2","One way street",,"character"
"collision","road_type","3","Dual carriageway",,"character"
"collision","road_type","6","Single carriageway",,"character"
"collision","road_type","7","Slip road",,"character"
"collision","road_type","9","Unknown",,"character"
"collision","road_type","12","One way street/Slip road",,"character"
"collision","road_type","-1","Data missing or out of range",,"character"
"collision","speed_limit",,,"20,30,40,50,60,70 are the only valid speed limits on public highways","character"
"collision","speed_limit","-1","Data missing or out of range",,"character"
"collision","speed_limit","99","unknown (self reported)",,"character"
"collision","junction_detail_historic","0","Not at junction or within 20 metres","data collected in the 2011 STATS19 specification (or earlier)","character"
"collision","junction_detail_historic","1","Roundabout","data collected in the 2011 STATS19 specification (or earlier)","character"
"collision","junction_detail_historic","2","Mini-roundabout","data collected in the 2011 STATS19 specification (or earlier)","character"
"collision","junction_detail_historic","3","T or staggered junction","data collected in the 2011 STATS19 specification (or earlier)","character"
"collision","junction_detail_historic","5","Slip road","data collected in the 2011 STATS19 specification (or earlier)","character"
"collision","junction_detail_historic","6","Crossroads","data collected in the 2011 STATS19 specification (or earlier)","character"
"collision","junction_detail_historic","7","More than 4 arms (not roundabout)","data collected in the 2011 STATS19 specification (or earlier)","character"
"collision","junction_detail_historic","8","Private drive or entrance","data collected in the 2011 STATS19 specification (or earlier)","character"
"collision","junction_detail_historic","9","Other junction","data collected in the 2011 STATS19 specification (or earlier)","character"
"collision","junction_detail_historic","99","unknown (self reported)","data collected in the 2011 STATS19 specification (or earlier)","character"
"collision","junction_detail_historic","-1","Data missing or out of range","data collected in the 2011 STATS19 specification (or earlier)","character"
"collision","junction_detail","0","Not at junction or within 20 metres","New field added with the 2024 data - data collected in or converted to the 2024 STATS19 specification","character"
"collision","junction_detail","13","T or staggered junction","New field added with the 2024 data - data collected in or converted to the 2024 STATS19 specification","character"
"collision","junction_detail","16","Crossroads","New field added with the 2024 data - data collected in or converted to the 2024 STATS19 specification","character"
"collision","junction_detail","17","Junction with more than four arms (not roundabout)","New field added with the 2024 data - data collected in or converted to the 2024 STATS19 specification","character"
"collision","junction_detail","18","Using private drive or entrance","New field added with the 2024 data - data collected in or converted to the 2024 STATS19 specification","character"
"collision","junction_detail","99","unknown (self reported)","New field added with the 2024 data - data collected in or converted to the 2024 STATS19 specification","character"
"collision","junction_detail","-1","Data missing or out of range","New field added with the 2024 data - data collected in or converted to the 2024 STATS19 specification","character"
"collision","junction_control","0","Not at junction or within 20 metres",,"character"
"collision","junction_control","1","Authorised person",,"character"
"collision","junction_control","2","Auto traffic signal",,"character"
"collision","junction_control","3","Stop sign",,"character"
"collision","junction_control","4","Give way or uncontrolled",,"character"
"collision","junction_control","-1","Data missing or out of range",,"character"
"collision","junction_control","9","unknown (self reported)",,"character"
"collision","second_road_class","0","Not at junction or within 20 metres",,"character"
"collision","second_road_class","1","Motorway",,"character"
"collision","second_road_class","2","A(M)",,"character"
"collision","second_road_class","3","A",,"character"
"collision","second_road_class","4","B",,"character"
"collision","second_road_class","5","C",,"character"
"collision","second_road_class","6","Unclassified",,"character"
"collision","second_road_class","9","Unknown (self rep only)",,"character"
"collision","second_road_class","-1","Data missing or out of range",,"character"
"collision","second_road_number","1 to 9999","Number range",,"character"
"collision","second_road_number","-1","Unknown",,"character"
"collision","second_road_number","0","first_road_class is C or Unclassified. These roads do not have official numbers so recorded as zero ",,"character"
"collision","pedestrian_crossing_human_control_historic","0","None within 50 metres ","data collected in the 2011 STATS19 specification (or earlier)","character"
"collision","pedestrian_crossing_human_control_historic","1","Control by school crossing patrol","data collected in the 2011 STATS19 specification (or earlier)","character"
"collision","pedestrian_crossing_human_control_historic","2","Control by other authorised person","data collected in the 2011 STATS19 specification (or earlier)","character"
"collision","pedestrian_crossing_human_control_historic","-1","Data missing or out of range","data collected in the 2011 STATS19 specification (or earlier)","character"
"collision","pedestrian_crossing_human_control_historic","9","unknown (self reported)","data collected in the 2011 STATS19 specification (or earlier)","character"
"collision","pedestrian_crossing_physical_facilities_historic","0","No physical crossing facilities within 50 metres","data collected in the 2011 STATS19 specification (or earlier)","character"
"collision","pedestrian_crossing_physical_facilities_historic","1","Zebra","data collected in the 2011 STATS19 specification (or earlier)","character"
"collision","pedestrian_crossing_physical_facilities_historic","4","Pelican, puffin, toucan or similar non-junction pedestrian light crossing","data collected in the 2011 STATS19 specification (or earlier)","character"
"collision","pedestrian_crossing_physical_facilities_historic","5","Pedestrian phase at traffic signal junction","data collected in the 2011 STATS19 specification (or earlier)","character"
"collision","pedestrian_crossing_physical_facilities_historic","7","Footbridge or subway","data collected in the 2011 STATS19 specification (or earlier)","character"
"collision","pedestrian_crossing_physical_facilities_historic","8","Central refuge","data collected in the 2011 STATS19 specification (or earlier)","character"
"collision","pedestrian_crossing_physical_facilities_historic","-1","Data missing or out of range","data collected in the 2011 STATS19 specification (or earlier)","character"
"collision","pedestrian_crossing_physical_facilities_historic","9","unknown (self reported)","data collected in the 2011 STATS19 specification (or earlier)","character"
"collision","pedestrian_crossing","0","No physical crossing facility within 50m","New field added with the 2024 data - data collected in or converted to the 2024 STATS19 specification","character"
"collision","pedestrian_crossing","11","Human crossing control by school crossing patrol","New field added with the 2024 data - data collected in or converted to the 2024 STATS19 specification","character"
"collision","pedestrian_crossing","12","Human crossing control by other authorised person","New field added with the 2024 data - data collected in or converted to the 2024 STATS19 specification","character"
"collision","pedestrian_crossing","13","Zebra crossing","New field added with the 2024 data - data collected in or converted to the 2024 STATS19 specification","character"
"collision","pedestrian_crossing","14","Pedestrian light crossing (pelican or puffin or toucan or similar)","New field added with the 2024 data - data collected in or converted to the 2024 STATS19 specification","character"
"collision","pedestrian_crossing","15","Pedestrian phase at traffic signal","New field added with the 2024 data - data collected in or converted to the 2024 STATS19 specification","character"
"collision","pedestrian_crossing","16","Footbridge or subway","New field added with the 2024 data - data collected in or converted to the 2024 STATS19 specification","character"
"collision","pedestrian_crossing","17","Central refuge - no other controls","New field added with the 2024 data - data collected in or converted to the 2024 STATS19 specification","character"
"collision","pedestrian_crossing","99","unknown (self reported)","New field added with the 2024 data - data collected in or converted to the 2024 STATS19 specification","character"
"collision","pedestrian_crossing","-1","Data missing or out of range","New field added with the 2024 data - data collected in or converted to the 2024 STATS19 specification","character"
"collision","light_conditions","1","Daylight",,"character"
"collision","light_conditions","4","Darkness - lights lit",,"character"
"collision","light_conditions","5","Darkness - lights unlit",,"character"
"collision","light_conditions","6","Darkness - no lighting",,"character"
"collision","light_conditions","7","Darkness - lighting unknown",,"character"
"collision","light_conditions","-1","Data missing or out of range",,"character"
"collision","weather_conditions","1","Fine no high winds",,"character"
"collision","weather_conditions","2","Raining no high winds",,"character"
"collision","weather_conditions","3","Snowing no high winds",,"character"
"collision","weather_conditions","4","Fine + high winds",,"character"
"collision","weather_conditions","5","Raining + high winds",,"character"
"collision","weather_conditions","6","Snowing + high winds",,"character"
"collision","weather_conditions","7","Fog or mist",,"character"
"collision","weather_conditions","8","Other",,"character"
"collision","weather_conditions","9","Unknown",,"character"
"collision","weather_conditions","-1","Data missing or out of range",,"character"
"collision","road_surface_conditions","1","Dry",,"character"
"collision","road_surface_conditions","2","Wet or damp",,"character"
"collision","road_surface_conditions","3","Snow",,"character"
"collision","road_surface_conditions","4","Frost or ice",,"character"
"collision","road_surface_conditions","5","Flood over 3cm. deep",,"character"
"collision","road_surface_conditions","6","Oil or diesel",,"character"
"collision","road_surface_conditions","7","Mud",,"character"
"collision","road_surface_conditions","-1","Data missing or out of range",,"character"
"collision","road_surface_conditions","9","unknown (self reported)",,"character"
"collision","special_conditions_at_site","0","None",,"character"
"collision","special_conditions_at_site","1","Auto traffic signal - out",,"character"
"collision","special_conditions_at_site","2","Auto signal part defective",,"character"
"collision","special_conditions_at_site","3","Road sign or marking defective or obscured",,"character"
"collision","special_conditions_at_site","4","Roadworks",,"character"
"collision","special_conditions_at_site","5","Road surface defective",,"character"
"collision","special_conditions_at_site","6","Oil or diesel",,"character"
"collision","special_conditions_at_site","7","Mud",,"character"
"collision","special_conditions_at_site","-1","Data missing or out of range",,"character"
"collision","special_conditions_at_site","9","unknown (self reported)",,"character"
"collision","carriageway_hazards_historic","0","None","data collected in the 2011 STATS19 specification (or earlier)","character"
"collision","carriageway_hazards_historic","1","Vehicle load on road","data collected in the 2011 STATS19 specification (or earlier)","character"
"collision","carriageway_hazards_historic","2","Other object on road","data collected in the 2011 STATS19 specification (or earlier)","character"
"collision","carriageway_hazards_historic","3","Previous accident","data collected in the 2011 STATS19 specification (or earlier)","character"
"collision","carriageway_hazards_historic","4","Dog on road","data collected in the 2011 STATS19 specification (or earlier)","character"
"collision","carriageway_hazards_historic","5","Other animal on road","data collected in the 2011 STATS19 specification (or earlier)","character"
"collision","carriageway_hazards_historic","6","Pedestrian in carriageway - not injured","data collected in the 2011 STATS19 specification (or earlier)","character"
"collision","carriageway_hazards_historic","7","Any animal in carriageway (except ridden horse)","data collected in the 2011 STATS19 specification (or earlier)","character"
"collision","carriageway_hazards_historic","-1","Data missing or out of range","data collected in the 2011 STATS19 specification (or earlier)","character"
"collision","carriageway_hazards_historic","9","unknown (self reported)","data collected in the 2011 STATS19 specification (or earlier)","character"
"collision","carriageway_hazards","0","None","New field added with the 2024 data - data collected in or converted to the 2024 STATS19 specification","character"
"collision","carriageway_hazards","11","Defective traffic signals","New field added with the 2024 data - data collected in or converted to the 2024 STATS19 specification","character"
"collision","carriageway_hazards","12","Permanent road signing or markings defective or obscured or inadequate","New field added with the 2024 data - data collected in or converted to the 2024 STATS19 specification","character"
"collision","carriageway_hazards","13","Roadworks","New field added with the 2024 data - data collected in or converted to the 2024 STATS19 specification","character"
"collision","carriageway_hazards","14","Oil or diesel","New field added with the 2024 data - data collected in or converted to the 2024 STATS19 specification","character"
"collision","carriageway_hazards","15","Mud","New field added with the 2024 data - data collected in or converted to the 2024 STATS19 specification","character"
"collision","carriageway_hazards","16","Dislodged vehicle load in carriageway","New field added with the 2024 data - data collected in or converted to the 2024 STATS19 specification","character"
"collision","carriageway_hazards","17","Other object in carriageway","New field added with the 2024 data - data collected in or converted to the 2024 STATS19 specification","character"
"collision","carriageway_hazards","18","Involvement with previous collision","New field added with the 2024 data - data collected in or converted to the 2024 STATS19 specification","character"
"collision","carriageway_hazards","19","Pedestrian in carriageway - not injured","New field added with the 2024 data - data collected in or converted to the 2024 STATS19 specification","character"
"collision","carriageway_hazards","20","Any animal in carriageway (except ridden horse)","New field added with the 2024 data - data collected in or converted to the 2024 STATS19 specification","character"
"collision","carriageway_hazards","21","Poor or defective road surface","New field added with the 2024 data - data collected in or converted to the 2024 STATS19 specification","character"
"collision","carriageway_hazards","-1","Data missing or out of range","New field added with the 2024 data - data collected in or converted to the 2024 STATS19 specification","character"
"collision","carriageway_hazards","99","unknown (self reported)","New field added with the 2024 data - data collected in or converted to the 2024 STATS19 specification","character"
"collision","urban_or_rural_area","1","Urban","field introduced in 1994","character"
"collision","urban_or_rural_area","2","Rural","field introduced in 1994","character"
"collision","urban_or_rural_area","3","Unallocated","field introduced in 1994","character"
"collision","urban_or_rural_area","-1","Data missing or out of range","field introduced in 1994","character"
"collision","did_police_officer_attend_scene_of_collision","1","Yes",,"character"
"collision","did_police_officer_attend_scene_of_collision","2","No",,"character"
"collision","did_police_officer_attend_scene_of_collision","3","No - accident was reported using a self completion  form (self rep only)",,"character"
"collision","did_police_officer_attend_scene_of_collision","-1","Data missing or out of range",,"character"
"collision","did_police_officer_attend_scene_of_accident","1","Yes",,"character"
"collision","did_police_officer_attend_scene_of_accident","2","No",,"character"
"collision","did_police_officer_attend_scene_of_accident","3","No - accident was reported using a self completion  form (self rep only)",,"character"
"collision","did_police_officer_attend_scene_of_accident","-1","Data missing or out of range",,"character"
"collision","trunk_road_flag","1","Trunk (Roads managed by Highways England)",,"character"
"collision","trunk_road_flag","2","Non-trunk",,"character"
"collision","trunk_road_flag","-1","Data missing or out of range",,"character"
"collision","lsoa_of_collision_location",,,"England and Wales only. See Office for National Statistics (ONS) guidance: https://www.ons.gov.uk/methodology/geography/ukgeographies/censusgeography","character"
"collision","lsoa_of_accident_location",,,"England and Wales only. See Office for National Statistics (ONS) guidance: https://www.ons.gov.uk/methodology/geography/ukgeographies/censusgeography","character"
"collision","collision_injury_based","0","Based on severity reporting",,"character"
"collision","collision_injury_based","1","Based on Injury code reporting",,"character"
"collision","collision_adjusted_serious",,,,"numeric"
"collision","collision_adjusted_slight",,,,"numeric"
"vehicle","collision_index",,,"unique value for each collision. The collision_index combines the collision_year and collision_ref_no to form a unique ID. It can be used to join to Vehicle and Casualty","character"
"vehicle","collision_year",,,,"numeric"
"vehicle","collision_ref_no",,,"In year id used by the police to reference a collision. It is not unique outside of the year, use collision_index for linking to other years","character"
"vehicle","vehicle_reference",,,"unique value for each vehicle in a singular accident. Can be used to join a Casualty to a vehicle","character"
"vehicle","vehicle_type","1","Pedal cycle",,"character"
"vehicle","vehicle_type","2","Motorcycle 50cc and under",,"character"
"vehicle","vehicle_type","3","Motorcycle 125cc and under","category introduced in 1999 specification","character"
"vehicle","vehicle_type","4","Motorcycle over 125cc and up to 500cc","category introduced in 2005 specification","character"
"vehicle","vehicle_type","5","Motorcycle over 500cc","category introduced in 2005 specification","character"
"vehicle","vehicle_type","8","Taxi/Private hire car","category introduced in 2005 specification","character"
"vehicle","vehicle_type","9","Car","category introduced in 2005 specification","character"
"vehicle","vehicle_type","10","Minibus (8 - 16 passenger seats)","category introduced in 1999 specification","character"
"vehicle","vehicle_type","11","Bus or coach (17 or more pass seats)",,"character"
"vehicle","vehicle_type","16","Ridden horse","category introduced in 1999 specification","character"
"vehicle","vehicle_type","17","Agricultural vehicle","category introduced in 1999 specification","character"
"vehicle","vehicle_type","18","Tram","category introduced in 1999 specification","character"
"vehicle","vehicle_type","19","Van / Goods 3.5 tonnes mgw or under",,"character"
"vehicle","vehicle_type","20","Goods over 3.5t. and under 7.5t","category introduced in 1999 specification","character"
"vehicle","vehicle_type","21","Goods 7.5 tonnes mgw and over","category introduced in 1999 specification","character"
"vehicle","vehicle_type","22","Mobility scooter","cateogry introduced in 2011 specification","character"
"vehicle","vehicle_type","23","Electric motorcycle","cateogry introduced in 2011 specification","character"
"vehicle","vehicle_type","90","Other vehicle","cateogry introduced in 2011 specification","character"
"vehicle","vehicle_type","97","Motorcycle - unknown cc","cateogry introduced in 2011 specification","character"
"vehicle","vehicle_type","98","Goods vehicle - unknown weight","cateogry introduced in 2011 specification","character"
"vehicle","vehicle_type","99","Unknown vehicle type (self rep only)","cateogry introduced in 2011 specification","character"
"vehicle","vehicle_type","103","Motorcycle - Scooter (1979-1998)","cateogory discontinued in 1999 specification","character"
"vehicle","vehicle_type","104","Motorcycle (1979-1998)","cateogory discontinued in 1999 specification","character"
"vehicle","vehicle_type","105","Motorcycle - Combination (1979-1998)","cateogory discontinued in 1999 specification","character"
"vehicle","vehicle_type","106","Motorcycle over 125cc (1999-2004)","cateogory discontinued in 2005 specification","character"
"vehicle","vehicle_type","108","Taxi (excluding private hire cars) (1979-2004)","cateogory discontinued in 2005 specification","character"
"vehicle","vehicle_type","109","Car (including private hire cars) (1979-2004)","cateogory discontinued in 2005 specification","character"
"vehicle","vehicle_type","110","Minibus/Motor caravan (1979-1998)","cateogory discontinued in 1999 specification","character"
"vehicle","vehicle_type","113","Goods over 3.5 tonnes (1979-1998)","cateogory discontinued in 1999 specification","character"
"vehicle","vehicle_type","-1","Data missing or out of range",,"character"
"vehicle","towing_and_articulation","0","No tow/articulation",,"character"
"vehicle","towing_and_articulation","1","Articulated vehicle",,"character"
"vehicle","towing_and_articulation","2","Double or multiple trailer",,"character"
"vehicle","towing_and_articulation","3","Caravan",,"character"
"vehicle","towing_and_articulation","4","Single trailer",,"character"
"vehicle","towing_and_articulation","5","Other tow",,"character"
"vehicle","towing_and_articulation","9","unknown (self reported)",,"character"
"vehicle","towing_and_articulation","-1","Data missing or out of range",,"character"
"vehicle","vehicle_manoeuvre_historic","1","Reversing","data collected in the 2011 STATS19 specification (or earlier)","character"
"vehicle","vehicle_manoeuvre_historic","2","Parked","data collected in the 2011 STATS19 specification (or earlier)","character"
"vehicle","vehicle_manoeuvre_historic","3","Waiting to go - held up","data collected in the 2011 STATS19 specification (or earlier)","character"
"vehicle","vehicle_manoeuvre_historic","4","Slowing or stopping","data collected in the 2011 STATS19 specification (or earlier)","character"
"vehicle","vehicle_manoeuvre_historic","5","Moving off","data collected in the 2011 STATS19 specification (or earlier)","character"
"vehicle","vehicle_manoeuvre_historic","6","U-turn","data collected in the 2011 STATS19 specification (or earlier)","character"
"vehicle","vehicle_manoeuvre_historic","7","Turning left","data collected in the 2011 STATS19 specification (or earlier)","character"
"vehicle","vehicle_manoeuvre_historic","8","Waiting to turn left","data collected in the 2011 STATS19 specification (or earlier)","character"
"vehicle","vehicle_manoeuvre_historic","9","Turning right","data collected in the 2011 STATS19 specification (or earlier)","character"
"vehicle","vehicle_manoeuvre_historic","10","Waiting to turn right","data collected in the 2011 STATS19 specification (or earlier)","character"
"vehicle","vehicle_manoeuvre_historic","11","Changing lane to left","data collected in the 2011 STATS19 specification (or earlier)","character"
"vehicle","vehicle_manoeuvre_historic","12","Changing lane to right","data collected in the 2011 STATS19 specification (or earlier)","character"
"vehicle","vehicle_manoeuvre_historic","13","Overtaking moving vehicle - offside","data collected in the 2011 STATS19 specification (or earlier)","character"
"vehicle","vehicle_manoeuvre_historic","14","Overtaking static vehicle - offside","data collected in the 2011 STATS19 specification (or earlier)","character"
"vehicle","vehicle_manoeuvre_historic","15","Overtaking - nearside","data collected in the 2011 STATS19 specification (or earlier)","character"
"vehicle","vehicle_manoeuvre_historic","16","Going ahead left-hand bend","data collected in the 2011 STATS19 specification (or earlier)","character"
"vehicle","vehicle_manoeuvre_historic","17","Going ahead right-hand bend","data collected in the 2011 STATS19 specification (or earlier)","character"
"vehicle","vehicle_manoeuvre_historic","18","Going ahead other","data collected in the 2011 STATS19 specification (or earlier)","character"
"vehicle","vehicle_manoeuvre_historic","99","unknown (self reported)","data collected in the 2011 STATS19 specification (or earlier)","character"
"vehicle","vehicle_manoeuvre_historic","-1","Data missing or out of range","data collected in the 2011 STATS19 specification (or earlier)","character"
"vehicle","vehicle_manoeuvre","1","Reversing","New field added with the 2024 data - data collected in or converted to the 2024 STATS19 specification","character"
"vehicle","vehicle_manoeuvre","2","Parked","New field added with the 2024 data - data collected in or converted to the 2024 STATS19 specification","character"
"vehicle","vehicle_manoeuvre","3","Waiting to go ahead","New field added with the 2024 data - data collected in or converted to the 2024 STATS19 specification","character"
"vehicle","vehicle_manoeuvre","4","Slowing or stopping","New field added with the 2024 data - data collected in or converted to the 2024 STATS19 specification","character"
"vehicle","vehicle_manoeuvre","5","Moving off","New field added with the 2024 data - data collected in or converted to the 2024 STATS19 specification","character"
"vehicle","vehicle_manoeuvre","6","U-turn","New field added with the 2024 data - data collected in or converted to the 2024 STATS19 specification","character"
"vehicle","vehicle_manoeuvre","7","Turning left","New field added with the 2024 data - data collected in or converted to the 2024 STATS19 specification","character"
"vehicle","vehicle_manoeuvre","8","Waiting to turn left","New field added with the 2024 data - data collected in or converted to the 2024 STATS19 specification","character"
"vehicle","vehicle_manoeuvre","9","Turning right","New field added with the 2024 data - data collected in or converted to the 2024 STATS19 specification","character"
"vehicle","vehicle_manoeuvre","10","Waiting to turn right","New field added with the 2024 data - data collected in or converted to the 2024 STATS19 specification","character"
"vehicle","vehicle_manoeuvre","11","Changing lane to left","New field added with the 2024 data - data collected in or converted to the 2024 STATS19 specification","character"
"vehicle","vehicle_manoeuvre","12","Changing lane to right","New field added with the 2024 data - data collected in or converted to the 2024 STATS19 specification","character"
"vehicle","vehicle_manoeuvre","13","Over taking moving vehicle on its offside","New field added with the 2024 data - data collected in or converted to the 2024 STATS19 specification","character"
"vehicle","vehicle_manoeuvre","14","Overtaking stationary vehicle on its offside","New field added with the 2024 data - data collected in or converted to the 2024 STATS19 specification","character"
"vehicle","vehicle_manoeuvre","15","Overtaking on nearside (passengers side nearest kerb)","New field added with the 2024 data - data collected in or converted to the 2024 STATS19 specification","character"
"vehicle","vehicle_manoeuvre","19","Going ahead","New field added with the 2024 data - data collected in or converted to the 2024 STATS19 specification","character"
"vehicle","vehicle_manoeuvre","20","Parking","New field added with the 2024 data - data collected in or converted to the 2024 STATS19 specification","character"
"vehicle","vehicle_manoeuvre","99","unknown (self reported)","New field added with the 2024 data - data collected in or converted to the 2024 STATS19 specification","character"
"vehicle","vehicle_manoeuvre","-1","Data missing or out of range","New field added with the 2024 data - data collected in or converted to the 2024 STATS19 specification","character"
"vehicle","vehicle_direction_from","0","Parked","both vehicle_direction_from and vehicle_direction_to should be 0","character"
"vehicle","vehicle_direction_from","1","North",,"character"
"vehicle","vehicle_direction_from","2","North East",,"character"
"vehicle","vehicle_direction_from","3","East",,"character"
"vehicle","vehicle_direction_from","4","South East",,"character"
"vehicle","vehicle_direction_from","5","South",,"character"
"vehicle","vehicle_direction_from","6","South West",,"character"
"vehicle","vehicle_direction_from","7","West",,"character"
"vehicle","vehicle_direction_from","8","North West",,"character"
"vehicle","vehicle_direction_from","9","unknown (self reported)","both vehicle_direction_from and vehicle_direction_to should be 9","character"
"vehicle","vehicle_direction_from","-1","Data missing or out of range",,"character"
"vehicle","vehicle_direction_to","0","Parked","both vehicle_direction_from and vehicle_direction_to should be 0","character"
"vehicle","vehicle_direction_to","1","North",,"character"
"vehicle","vehicle_direction_to","2","North East",,"character"
"vehicle","vehicle_direction_to","3","East",,"character"
"vehicle","vehicle_direction_to","4","South East",,"character"
"vehicle","vehicle_direction_to","5","South",,"character"
"vehicle","vehicle_direction_to","6","South West",,"character"
"vehicle","vehicle_direction_to","7","West",,"character"
"vehicle","vehicle_direction_to","8","North West",,"character"
"vehicle","vehicle_direction_to","9","unknown (self reported)","both vehicle_direction_from and vehicle_direction_to should be 9","character"
"vehicle","vehicle_direction_to","-1","Data missing or out of range",,"character"
"vehicle","vehicle_location_restricted_lane_historic","0","On main c'way - not in restricted lane","data collected in the 2011 STATS19 specification (or earlier)","character"
"vehicle","vehicle_location_restricted_lane_historic","1","Tram/Light rail track","data collected in the 2011 STATS19 specification (or earlier)","character"
"vehicle","vehicle_location_restricted_lane_historic","2","Bus lane","data collected in the 2011 STATS19 specification (or earlier)","character"
"vehicle","vehicle_location_restricted_lane_historic","3","Busway (including guided busway)","data collected in the 2011 STATS19 specification (or earlier)","character"
"vehicle","vehicle_location_restricted_lane_historic","4","Cycle lane (on main carriageway)","data collected in the 2011 STATS19 specification (or earlier)","character"
"vehicle","vehicle_location_restricted_lane_historic","5","Cycleway or shared use footway (not part of  main carriageway)","data collected in the 2011 STATS19 specification (or earlier)","character"
"vehicle","vehicle_location_restricted_lane_historic","6","On lay-by or hard shoulder","data collected in the 2011 STATS19 specification (or earlier)","character"
"vehicle","vehicle_location_restricted_lane_historic","7","Entering lay-by or hard shoulder","data collected in the 2011 STATS19 specification (or earlier)","character"
"vehicle","vehicle_location_restricted_lane_historic","8","Leaving lay-by or hard shoulder","data collected in the 2011 STATS19 specification (or earlier)","character"
"vehicle","vehicle_location_restricted_lane_historic","9","Footway (pavement)","data collected in the 2011 STATS19 specification (or earlier)","character"
"vehicle","vehicle_location_restricted_lane_historic","10","Not on carriageway","data collected in the 2011 STATS19 specification (or earlier)","character"
"vehicle","vehicle_location_restricted_lane_historic","99","unknown (self reported)","data collected in the 2011 STATS19 specification (or earlier)","character"
"vehicle","vehicle_location_restricted_lane_historic","-1","Data missing or out of range","data collected in the 2011 STATS19 specification (or earlier)","character"
"vehicle","vehicle_location_restricted_lane","0","On main carriageway (not in restricted lane)","New field added with the 2024 data - data collected in or converted to the 2024 STATS19 specification","character"
"vehicle","vehicle_location_restricted_lane","1","Tram or Light rail track","New field added with the 2024 data - data collected in or converted to the 2024 STATS19 specification","character"
"vehicle","vehicle_location_restricted_lane","2","Bus lane or Busway","New field added with the 2024 data - data collected in or converted to the 2024 STATS19 specification","character"
"vehicle","vehicle_location_restricted_lane","4","Cycle lane (on main carriageway)","New field added with the 2024 data - data collected in or converted to the 2024 STATS19 specification","character"
"vehicle","vehicle_location_restricted_lane","5","Cycleway or shared use footway (not part of main carriageway)","New field added with the 2024 data - data collected in or converted to the 2024 STATS19 specification","character"
"vehicle","vehicle_location_restricted_lane","6","Lay-by or hard shoulder","New field added with the 2024 data - data collected in or converted to the 2024 STATS19 specification","character"
"vehicle","vehicle_location_restricted_lane","9","Footway (pavement)","New field added with the 2024 data - data collected in or converted to the 2024 STATS19 specification","character"
"vehicle","vehicle_location_restricted_lane","99","unknown (self reported)","New field added with the 2024 data - data collected in or converted to the 2024 STATS19 specification","character"
"vehicle","vehicle_location_restricted_lane","-1","Data missing or out of range","New field added with the 2024 data - data collected in or converted to the 2024 STATS19 specification","character"
"vehicle","junction_location","0","Not at or within 20 metres of junction",,"character"
"vehicle","junction_location","1","Approaching junction or waiting/parked at junction approach",,"character"
"vehicle","junction_location","2","Cleared junction or waiting/parked at junction exit",,"character"
"vehicle","junction_location","3","Leaving roundabout",,"character"
"vehicle","junction_location","4","Entering roundabout",,"character"
"vehicle","junction_location","5","Leaving main road",,"character"
"vehicle","junction_location","6","Entering main road",,"character"
"vehicle","junction_location","7","Entering from slip road",,"character"
"vehicle","junction_location","8","Mid Junction - on roundabout or on main road",,"character"
"vehicle","junction_location","9","unknown (self reported)",,"character"
"vehicle","junction_location","-1","Data missing or out of range",,"character"
"vehicle","skidding_and_overturning","0","None",,"character"
"vehicle","skidding_and_overturning","1","Skidded",,"character"
"vehicle","skidding_and_overturning","2","Skidded and overturned",,"character"
"vehicle","skidding_and_overturning","3","Jackknifed",,"character"
"vehicle","skidding_and_overturning","4","Jackknifed and overturned",,"character"
"vehicle","skidding_and_overturning","5","Overturned",,"character"
"vehicle","skidding_and_overturning","9","unknown (self reported)",,"character"
"vehicle","skidding_and_overturning","-1","Data missing or out of range",,"character"
"vehicle","hit_object_in_carriageway","0","None",,"character"
"vehicle","hit_object_in_carriageway","1","Previous accident",,"character"
"vehicle","hit_object_in_carriageway","2","Road works",,"character"
"vehicle","hit_object_in_carriageway","4","Parked vehicle",,"character"
"vehicle","hit_object_in_carriageway","5","Bridge (roof)",,"character"
"vehicle","hit_object_in_carriageway","6","Bridge (side)",,"character"
"vehicle","hit_object_in_carriageway","7","Bollard or refuge",,"character"
"vehicle","hit_object_in_carriageway","8","Open door of vehicle",,"character"
"vehicle","hit_object_in_carriageway","9","Central island of roundabout",,"character"
"vehicle","hit_object_in_carriageway","10","Kerb",,"character"
"vehicle","hit_object_in_carriageway","11","Other object",,"character"
"vehicle","hit_object_in_carriageway","12","Any animal (except ridden horse)",,"character"
"vehicle","hit_object_in_carriageway","99","unknown (self reported)",,"character"
"vehicle","hit_object_in_carriageway","-1","Data missing or out of range",,"character"
"vehicle","vehicle_leaving_carriageway","0","Did not leave carriageway",,"character"
"vehicle","vehicle_leaving_carriageway","1","Nearside",,"character"
"vehicle","vehicle_leaving_carriageway","2","Nearside and rebounded",,"character"
"vehicle","vehicle_leaving_carriageway","3","Straight ahead at junction",,"character"
"vehicle","vehicle_leaving_carriageway","4","Offside on to central reservation",,"character"
"vehicle","vehicle_leaving_carriageway","5","Offside on to centrl res + rebounded",,"character"
"vehicle","vehicle_leaving_carriageway","6","Offside - crossed central reservation",,"character"
"vehicle","vehicle_leaving_carriageway","7","Offside",,"character"
"vehicle","vehicle_leaving_carriageway","8","Offside and rebounded",,"character"
"vehicle","vehicle_leaving_carriageway","9","unknown (self reported)",,"character"
"vehicle","vehicle_leaving_carriageway","-1","Data missing or out of range",,"character"
"vehicle","hit_object_off_carriageway","0","None",,"character"
"vehicle","hit_object_off_carriageway","1","Road sign or traffic signal",,"character"
"vehicle","hit_object_off_carriageway","2","Lamp post",,"character"
"vehicle","hit_object_off_carriageway","3","Telegraph or electricity pole",,"character"
"vehicle","hit_object_off_carriageway","4","Tree",,"character"
"vehicle","hit_object_off_carriageway","5","Bus stop or bus shelter",,"character"
"vehicle","hit_object_off_carriageway","6","Central crash barrier",,"character"
"vehicle","hit_object_off_carriageway","7","Near/Offside crash barrier",,"character"
"vehicle","hit_object_off_carriageway","8","Submerged in water",,"character"
"vehicle","hit_object_off_carriageway","9","Entered ditch",,"character"
"vehicle","hit_object_off_carriageway","10","Other permanent object",,"character"
"vehicle","hit_object_off_carriageway","11","Wall or fence",,"character"
"vehicle","hit_object_off_carriageway","99","unknown (self reported)",,"character"
"vehicle","hit_object_off_carriageway","-1","Data missing or out of range",,"character"
"vehicle","first_point_of_impact","0","Did not impact",,"character"
"vehicle","first_point_of_impact","1","Front",,"character"
"vehicle","first_point_of_impact","2","Back",,"character"
"vehicle","first_point_of_impact","3","Offside",,"character"
"vehicle","first_point_of_impact","4","Nearside",,"character"
"vehicle","first_point_of_impact","9","unknown (self reported)",,"character"
"vehicle","first_point_of_impact","-1","Data missing or out of range",,"character"
"vehicle","vehicle_left_hand_drive","1","No",,"character"
"vehicle","vehicle_left_hand_drive","2","Yes",,"character"
"vehicle","vehicle_left_hand_drive","9","Unknown",,"character"
"vehicle","vehicle_left_hand_drive","-1","Data missing or out of range",,"character"
"vehicle","journey_purpose_of_driver_historic","1","Journey as part of work","data collected in the 2011 STATS19 specification (or earlier)","character"
"vehicle","journey_purpose_of_driver_historic","2","Commuting to/from work","data collected in the 2011 STATS19 specification (or earlier)","character"
"vehicle","journey_purpose_of_driver_historic","3","Taking pupil to/from school","data collected in the 2011 STATS19 specification (or earlier)","character"
"vehicle","journey_purpose_of_driver_historic","4","Pupil riding to/from school","data collected in the 2011 STATS19 specification (or earlier)","character"
"vehicle","journey_purpose_of_driver_historic","5","Other","data collected in the 2011 STATS19 specification (or earlier)","character"
"vehicle","journey_purpose_of_driver_historic","6","Not known","data collected in the 2011 STATS19 specification (or earlier)","character"
"vehicle","journey_purpose_of_driver_historic","15","Other/Not known","2005 specification only","character"
"vehicle","journey_purpose_of_driver_historic","-1","Data missing or out of range","data collected in the 2011 STATS19 specification (or earlier)","character"
"vehicle","journey_purpose_of_driver","1","Journey as part of work","New field added with the 2024 data - data collected in or converted to the 2024 STATS19 specification","character"
"vehicle","journey_purpose_of_driver","2","Commuting to or from work","New field added with the 2024 data - data collected in or converted to the 2024 STATS19 specification","character"
"vehicle","journey_purpose_of_driver","6","Not known or not requested","New field added with the 2024 data - data collected in or converted to the 2024 STATS19 specification","character"
"vehicle","journey_purpose_of_driver","7","Education and educational escort","New field added with the 2024 data - data collected in or converted to the 2024 STATS19 specification","character"
"vehicle","journey_purpose_of_driver","8","Emergency vehicle (blue light) on response","New field added with the 2024 data - data collected in or converted to the 2024 STATS19 specification","character"
"vehicle","journey_purpose_of_driver","9","Personal business or leisure","New field added with the 2024 data - data collected in or converted to the 2024 STATS19 specification","character"
"vehicle","journey_purpose_of_driver","-1","Data missing or out of range","New field added with the 2024 data - data collected in or converted to the 2024 STATS19 specification","character"
"vehicle","sex_of_driver","1","Male",,"character"
"vehicle","sex_of_driver","2","Female",,"character"
"vehicle","sex_of_driver","3","Not known",,"character"
"vehicle","sex_of_driver","-1","Data missing or out of range",,"character"
"vehicle","age_of_driver",,,,"numeric"
"vehicle","age_of_driver","-1","Data missing or out of range",,"numeric"
"vehicle","age_band_of_driver","1","0 - 5",,"character"
"vehicle","age_band_of_driver","2","6 - 10",,"character"
"vehicle","age_band_of_driver","3","11 - 15",,"character"
"vehicle","age_band_of_driver","4","16 - 20",,"character"
"vehicle","age_band_of_driver","5","21 - 25",,"character"
"vehicle","age_band_of_driver","6","26 - 35",,"character"
"vehicle","age_band_of_driver","7","36 - 45",,"character"
"vehicle","age_band_of_driver","8","46 - 55",,"character"
"vehicle","age_band_of_driver","9","56 - 65",,"character"
"vehicle","age_band_of_driver","10","66 - 75",,"character"
"vehicle","age_band_of_driver","11","Over 75",,"character"
"vehicle","age_band_of_driver","-1","Data missing or out of range",,"character"
"vehicle","engine_capacity_cc",,,,"numeric"
"vehicle","engine_capacity_cc","-1","Data missing or out of range",,"numeric"
"vehicle","propulsion_code","1","Petrol",,"character"
"vehicle","propulsion_code","2","Heavy oil",,"character"
"vehicle","propulsion_code","3","Electric",,"character"
"vehicle","propulsion_code","4","Steam",,"character"
"vehicle","propulsion_code","5","Gas",,"character"
"vehicle","propulsion_code","6","Petrol/Gas (LPG)",,"character"
"vehicle","propulsion_code","7","Gas/Bi-fuel",,"character"
"vehicle","propulsion_code","8","Hybrid electric",,"character"
"vehicle","propulsion_code","9","Gas Diesel",,"character"
"vehicle","propulsion_code","10","New fuel technology",,"character"
"vehicle","propulsion_code","11","Fuel cells",,"character"
"vehicle","propulsion_code","12","Electric diesel",,"character"
"vehicle","propulsion_code","-1","Undefined",,"character"
"vehicle","age_of_vehicle",,,,"numeric"
"vehicle","generic_make_model",,,"field introduced in 2020","character"
"vehicle","generic_make_model","-1","Data missing or out of range","field introduced in 2020","character"
"vehicle","driver_imd_decile","1","Most deprived 10%","field introduced in 2016","character"
"vehicle","driver_imd_decile","2","More deprived 10-20%","field introduced in 2016","character"
"vehicle","driver_imd_decile","3","More deprived 20-30%","field introduced in 2016","character"
"vehicle","driver_imd_decile","4","More deprived 30-40%","field introduced in 2016","character"
"vehicle","driver_imd_decile","5","More deprived 40-50%","field introduced in 2016","character"
"vehicle","driver_imd_decile","6","Less deprived 40-50%","field introduced in 2016","character"
"vehicle","driver_imd_decile","7","Less deprived 30-40%","field introduced in 2016","character"
"vehicle","driver_imd_decile","8","Less deprived 20-30%","field introduced in 2016","character"
"vehicle","driver_imd_decile","9","Less deprived 10-20%","field introduced in 2016","character"
"vehicle","driver_imd_decile","10","Least deprived 10%","field introduced in 2016","character"
"vehicle","driver_imd_decile","-1","Data missing or out of range","field introduced in 2016","character"
"vehicle","lsoa_of_driver",,,"England and Wales only. See Office for National Statistics (ONS) guidance: https://www.ons.gov.uk/methodology/geography/ukgeographies/censusgeography","character"
"vehicle","escooter_flag","1","Vehicle was an e-scooter","field introduced in 2023","character"
"vehicle","escooter_flag","0","Vehicle was not an e-scooter","field introduced in 2023","character"
"vehicle","driver_distance_banding","1","Collision occurred within 5km of drivers home postcode","field introduced in 2023","character"
"vehicle","driver_distance_banding","2","Collision occurred between 5.001 and 10km of drivers home postcode","field introduced in 2023","character"
"vehicle","driver_distance_banding","3","Collision occurred between 10.001 and 20km of drivers home postcode","field introduced in 2023","character"
"vehicle","driver_distance_banding","4","Collision occurred between 20.001 and 100km of drivers home postcode","field introduced in 2023","character"
"vehicle","driver_distance_banding","5","Collision occurred over 100km of drivers home postcode","field introduced in 2023","character"
"vehicle","driver_distance_banding","-1",,"field introduced in 2023","character"
"casualty","collision_index",,,"unique value for each collision. The collision_index combines the collision_year and collision_ref_no to form a unique ID. It can be used to join to Vehicle and Casualty","character"
"casualty","collision_year",,,,"numeric"
"casualty","collision_ref_no",,,"In year id used by the police to reference a collision. It is not unique outside of the year, use collision_index for linking to other years","character"
"casualty","vehicle_reference",,,"unique value for each vehicle in a singular accident. Can be used to join a Casualty to a vehicle","character"
"casualty","casualty_reference",,,"unique value for each casualty in a singular accident (historical years may be unique to a singular vehicle in a road accident)","character"
"casualty","casualty_class","1","Driver or rider",,"character"
"casualty","casualty_class","2","Passenger",,"character"
"casualty","casualty_class","3","Pedestrian",,"character"
"casualty","sex_of_casualty","1","Male",,"character"
"casualty","sex_of_casualty","2","Female",,"character"
"casualty","sex_of_casualty","9","unknown (self reported)",,"character"
"casualty","sex_of_casualty","-1","Data missing or out of range",,"character"
"casualty","age_of_casualty",,,,"numeric"
"casualty","age_of_casualty","-1","Data missing or out of range",,"numeric"
"casualty","age_band_of_casualty","1","0 - 5",,"character"
"casualty","age_band_of_casualty","2","6 - 10",,"character"
"casualty","age_band_of_casualty","3","11 - 15",,"character"
"casualty","age_band_of_casualty","4","16 - 20",,"character"
"casualty","age_band_of_casualty","5","21 - 25",,"character"
"casualty","age_band_of_casualty","6","26 - 35",,"character"
"casualty","age_band_of_casualty","7","36 - 45",,"character"
"casualty","age_band_of_casualty","8","46 - 55",,"character"
"casualty","age_band_of_casualty","9","56 - 65",,"character"
"casualty","age_band_of_casualty","10","66 - 75",,"character"
"casualty","age_band_of_casualty","11","Over 75",,"character"
"casualty","age_band_of_casualty","-1","Data missing or out of range",,"character"
"casualty","casualty_severity","1","Fatal",,"character"
"casualty","casualty_severity","2","Serious",,"character"
"casualty","casualty_severity","3","Slight",,"character"
"casualty","enhanced_casualty_severity","1","Fatal","category introduced where collected in 2023","character"
"casualty","enhanced_casualty_severity","5","Very Serious","category introduced where collected in 2023","character"
"casualty","enhanced_casualty_severity","6","Moderately Serious","category introduced where collected in 2023","character"
"casualty","enhanced_casualty_severity","7","Less Serious","category introduced where collected in 2023","character"
"casualty","enhanced_casualty_severity","3","Slight","category introduced where collected in 2023","character"
"casualty","enhanced_casualty_severity","-1","Data missing or out of range","category introduced where collected in 2023","character"
"casualty","pedestrian_location","0","Not a Pedestrian",,"character"
"casualty","pedestrian_location","1","Crossing on pedestrian crossing facility",,"character"
"casualty","pedestrian_location","2","Crossing in zig-zag approach lines",,"character"
"casualty","pedestrian_location","3","Crossing in zig-zag exit lines",,"character"
"casualty","pedestrian_location","4","Crossing elsewhere within 50m. of pedestrian crossing",,"character"
"casualty","pedestrian_location","5","In carriageway, crossing elsewhere",,"character"
"casualty","pedestrian_location","6","On footway or verge",,"character"
"casualty","pedestrian_location","7","On refuge, central island or central reservation",,"character"
"casualty","pedestrian_location","8","In centre of carriageway - not on refuge, island or central reservation",,"character"
"casualty","pedestrian_location","9","In carriageway, not crossing",,"character"
"casualty","pedestrian_location","10","Unknown or other",,"character"
"casualty","pedestrian_location","-1","Data missing or out of range",,"character"
"casualty","pedestrian_movement","0","Not a Pedestrian",,"character"
"casualty","pedestrian_movement","1","Crossing from driver's nearside",,"character"
"casualty","pedestrian_movement","2","Crossing from nearside - masked by parked or stationary vehicle",,"character"
"casualty","pedestrian_movement","3","Crossing from driver's offside",,"character"
"casualty","pedestrian_movement","4","Crossing from offside - masked by  parked or stationary vehicle",,"character"
"casualty","pedestrian_movement","5","In carriageway, stationary - not crossing  (standing or playing)",,"character"
"casualty","pedestrian_movement","6","In carriageway, stationary - not crossing  (standing or playing) - masked by parked or stationary vehicle",,"character"
"casualty","pedestrian_movement","7","Walking along in carriageway, facing traffic",,"character"
"casualty","pedestrian_movement","8","Walking along in carriageway, back to traffic",,"character"
"casualty","pedestrian_movement","9","Unknown or other",,"character"
"casualty","pedestrian_movement","-1","Data missing or out of range",,"character"
"casualty","car_passenger","0","Not car passenger",,"character"
"casualty","car_passenger","1","Front seat passenger",,"character"
"casualty","car_passenger","2","Rear seat passenger",,"character"
"casualty","car_passenger","9","unknown (self reported)",,"character"
"casualty","car_passenger","-1","Data missing or out of range",,"character"
"casualty","bus_or_coach_passenger","0","Not a bus or coach passenger",,"character"
"casualty","bus_or_coach_passenger","1","Boarding",,"character"
"casualty","bus_or_coach_passenger","2","Alighting",,"character"
"casualty","bus_or_coach_passenger","3","Standing passenger",,"character"
"casualty","bus_or_coach_passenger","4","Seated passenger",,"character"
"casualty","bus_or_coach_passenger","9","unknown (self reported)",,"character"
"casualty","bus_or_coach_passenger","-1","Data missing or out of range",,"character"
"casualty","pedestrian_road_maintenance_worker","0","No / Not applicable",,"character"
"casualty","pedestrian_road_maintenance_worker","1","Yes",,"character"
"casualty","pedestrian_road_maintenance_worker","2","Not Known",,"character"
"casualty","pedestrian_road_maintenance_worker","3","Probable","2005 specification only","character"
"casualty","pedestrian_road_maintenance_worker","-1","Data missing or out of range",,"character"
"casualty","casualty_type","0","Pedestrian",,"character"
"casualty","casualty_type","1","Cyclist",,"character"
"casualty","casualty_type","2","Motorcycle 50cc and under rider or passenger",,"character"
"casualty","casualty_type","3","Motorcycle 125cc and under rider or passenger","introduced in 1999 specification","character"
"casualty","casualty_type","4","Motorcycle over 125cc and up to 500cc rider or  passenger","introduced in 2005 specification","character"
"casualty","casualty_type","5","Motorcycle over 500cc rider or passenger","introduced in 2005 specification","character"
"casualty","casualty_type","8","Taxi/Private hire car occupant","introduced in 2005 specification","character"
"casualty","casualty_type","9","Car occupant","introduced in 2005 specification","character"
"casualty","casualty_type","10","Minibus (8 - 16 passenger seats) occupant","introduced in 1999 specification","character"
"casualty","casualty_type","11","Bus or coach occupant (17 or more pass seats)",,"character"
"casualty","casualty_type","16","Horse rider","introduced in 1999 specification","character"
"casualty","casualty_type","17","Agricultural vehicle occupant","introduced in 1999 specification","character"
"casualty","casualty_type","18","Tram occupant","introduced in 1999 specification","character"
"casualty","casualty_type","19","Van / Goods vehicle (3.5 tonnes mgw or under) occupant",,"character"
"casualty","casualty_type","20","Goods vehicle (over 3.5t. and under 7.5t.) occupant","introduced in 1999 specification","character"
"casualty","casualty_type","21","Goods vehicle (7.5 tonnes mgw and over) occupant","introduced in 1999 specification","character"
"casualty","casualty_type","22","Mobility scooter rider","introduced in 2011 specification","character"
"casualty","casualty_type","23","Electric motorcycle rider or passenger","introduced in 2011 specification","character"
"casualty","casualty_type","90","Other vehicle occupant","introduced in 2011 specification","character"
"casualty","casualty_type","97","Motorcycle - unknown cc rider or passenger","introduced in 2011 specification","character"
"casualty","casualty_type","98","Goods vehicle (unknown weight) occupant","introduced in 2011 specification","character"
"casualty","casualty_type","99","Unknown vehicle type (self rep only)","introduced in 2011 specification","character"
"casualty","casualty_type","103","Motorcycle - Scooter (1979-1998)","dropped in 1999 specification","character"
"casualty","casualty_type","104","Motorcycle (1979-1998)","dropped in 1999 specification","character"
"casualty","casualty_type","105","Motorcycle - Combination (1979-1998)","dropped in 1999 specification","character"
"casualty","casualty_type","106","Motorcycle over 125cc (1999-2004)","dropped in 2005 specification","character"
"casualty","casualty_type","108","Taxi (excluding private hire cars) (1979-2004)","dropped in 2005 specification","character"
"casualty","casualty_type","109","Car (including private hire cars) (1979-2004)","dropped in 2005 specification","character"
"casualty","casualty_type","110","Minibus/Motor caravan (1979-1998)","dropped in 1999 specification","character"
"casualty","casualty_type","113","Goods over 3.5 tonnes (1979-1998)","dropped in 1999 specification","character"
"casualty","casualty_type","-1","Data missing or out of range",,"character"
"casualty","casualty_imd_decile","1","Most deprived 10%","field introduced in 2016","character"
"casualty","casualty_imd_decile","2","More deprived 10-20%","field introduced in 2016","character"
"casualty","casualty_imd_decile","3","More deprived 20-30%","field introduced in 2016","character"
"casualty","casualty_imd_decile","4","More deprived 30-40%","field introduced in 2016","character"
"casualty","casualty_imd_decile","5","More deprived 40-50%","field introduced in 2016","character"
"casualty","casualty_imd_decile","6","Less deprived 40-50%","field introduced in 2016","character"
"casualty","casualty_imd_decile","7","Less deprived 30-40%","field introduced in 2016","character"
"casualty","casualty_imd_decile","8","Less deprived 20-30%","field introduced in 2016","character"
"casualty","casualty_imd_decile","9","Less deprived 10-20%","field introduced in 2016","character"
"casualty","casualty_imd_decile","10","Least deprived 10%","field introduced in 2016","character"
"casualty","casualty_imd_decile","-1","Data missing or out of range","field introduced in 2016","character"
"casualty","lsoa_of_casualty",,,"England and Wales only. See Office for National Statistics (ONS) guidance: https://www.ons.gov.uk/methodology/geography/ukgeographies/censusgeography","character"
"casualty","casualty_injury_based","0","Based on severity reporting",,"character"
"casualty","casualty_injury_based","1","Based on Injury code reporting",,"character"
"casualty","casualty_adjusted_serious",,,,"numeric"
"casualty","casualty_adjusted_slight",,,,"numeric"
"casualty","casualty_distance_banding","1","Collision occurred within 5km of casualties home postcode","field introduced in 2023","character"
"casualty","casualty_distance_banding","2","Collision occurred between 5.001 and 10km of casualties home postcode","field introduced in 2023","character"
"casualty","casualty_distance_banding","3","Collision occurred between 10.001 and 20km of casualties home postcode","field introduced in 2023","character"
"casualty","casualty_distance_banding","4","Collision occurred between 20.001 and 100km of casualties home postcode","field introduced in 2023","character"
"casualty","casualty_distance_banding","5","Collision occurred over 100km of casualties home postcode","field introduced in 2023","character"
"casualty","casualty_distance_banding","-1","Data missing or out of range","field introduced in 2023","character"
"historical_revisions","accident_index",,,"unique value for each accident. The accident_index combines the accident_year and accident_ref_no to form a unique ID. It can be used to join to Vehicle and Casualty","character"
"historical_revisions","accident_year",,,,"numeric"
"historical_revisions","accident_ref_no",,,"In year id used by the police to reference a collision. It is not unique outside of the year, use accident_index for linking to other years","character"
"historical_revisions","police_force",,,"(See above)","character"
"historical_revisions","vehicle_reference",,,"unique value for each vehicle in a singular accident. Can be used to join a Casualty to a vehicle","character"
"historical_revisions","casualty_reference",,,"unique value for each casualty in a singular accident (historical years may be unique to a singular vehicle in a road accident)","character"
"historical_revisions","variable",,,"(See police_force values in accident listings for values)","character"
"historical_revisions","previously_published_value",,,,"character"
"historical_revisions","replacement_value",,,,"character"
"historical_revisions","effective_date_of_change",,,"Date the change was made","character"
